age,job,marital,education,default,balance,housing,loan,month,duration,campaign,previous,deposit,binary_deposit,binary_default,binary_housing,binary_loan
51,management,married,tertiary,no,10635,yes,no,5,5.6,1,0,no,0,0,1,0
35,blue-collar,single,secondary,no,12223,yes,yes,5,2.95,1,0,no,0,0,1,1
45,management,divorced,tertiary,no,24598,yes,no,5,5.22,3,0,no,0,0,1,0
37,technician,married,tertiary,no,8730,yes,no,5,2.48,1,0,no,0,0,1,0
39,technician,single,other,no,45248,yes,no,5,27.05,1,0,yes,1,0,1,0
40,services,single,tertiary,no,8823,yes,no,5,6.3,1,0,no,0,0,1,0
44,admin,married,secondary,no,58544,yes,no,5,2.4,2,0,no,0,0,1,0
34,entrepreneur,married,tertiary,no,10350,yes,no,5,3.12,3,0,no,0,0,1,0
34,admin,divorced,primary,no,9569,yes,no,5,0.72,2,0,no,0,0,1,0
55,retired,married,secondary,no,18722,yes,no,5,2.13,2,0,no,0,0,1,0
26,technician,single,secondary,no,24299,yes,no,5,11.73,1,0,no,0,0,1,0
59,management,divorced,primary,no,13308,yes,no,5,2.18,1,0,no,0,0,1,0
45,blue-collar,married,secondary,no,8680,yes,no,5,8.38,1,0,no,0,0,1,0
28,technician,single,secondary,no,26765,no,no,5,3.5,8,0,no,0,0,0,0
51,technician,married,secondary,no,12061,yes,no,5,5.53,1,0,no,0,0,1,0
49,management,married,tertiary,no,12482,yes,yes,5,0.77,3,0,no,0,0,1,1
44,services,married,secondary,no,29312,no,no,5,3.77,1,0,no,0,0,0,0
44,management,single,tertiary,no,9956,yes,no,5,3.23,2,0,no,0,0,1,0
48,blue-collar,married,primary,no,9004,no,no,5,2.63,3,0,no,0,0,0,0
45,management,married,tertiary,no,37378,yes,no,5,2.78,1,0,no,0,0,1,0
37,blue-collar,married,secondary,no,15801,yes,no,5,7.6,9,0,no,0,0,1,0
55,management,married,tertiary,no,23189,yes,no,5,1.28,1,0,no,0,0,1,0
49,blue-collar,married,primary,no,11317,yes,no,5,3.47,1,0,no,0,0,1,0
48,management,married,tertiary,no,20718,yes,no,5,2.08,1,0,no,0,0,1,0
48,blue-collar,single,secondary,no,8982,yes,no,5,10.47,1,0,no,0,0,1,0
53,services,married,secondary,no,10749,yes,no,5,3.68,1,0,no,0,0,1,0
32,technician,single,other,no,10600,no,no,5,8.08,2,0,no,0,0,0,0
48,technician,single,secondary,no,9131,yes,no,5,15.03,5,0,no,0,0,1,0
43,blue-collar,married,secondary,no,15740,yes,no,5,4.2,2,0,no,0,0,1,0
43,admin,single,secondary,no,56831,no,no,5,4.05,1,0,no,0,0,0,0
42,blue-collar,married,secondary,no,9359,yes,no,5,3.28,1,0,no,0,0,1,0
53,entrepreneur,married,tertiary,no,22370,yes,no,5,1.77,1,0,no,0,0,1,0
45,services,married,secondary,no,9077,yes,no,5,2.32,1,0,no,0,0,1,0
55,admin,married,secondary,no,9039,yes,no,5,3.12,6,0,no,0,0,1,0
39,management,divorced,tertiary,no,9541,no,no,5,13.58,1,0,no,0,0,0,0
47,management,divorced,tertiary,no,10399,yes,no,5,0.98,2,0,no,0,0,1,0
29,management,married,tertiary,no,10576,no,no,5,20.4,2,0,yes,1,0,0,0
46,self-employed,divorced,tertiary,no,8717,yes,no,5,5.72,5,0,no,0,0,1,0
60,services,married,secondary,no,8837,yes,no,5,2.4,4,0,no,0,0,1,0
32,self-employed,single,tertiary,no,12269,no,no,5,2.35,1,0,no,0,0,0,0
54,management,divorced,tertiary,no,29887,yes,no,5,14.42,1,0,no,0,0,1,0
42,management,single,tertiary,no,10561,no,no,5,4.05,2,0,no,0,0,0,0
60,admin,married,secondary,no,12210,yes,no,5,4.27,1,0,no,0,0,1,0
51,services,married,primary,no,8806,yes,no,5,2.18,1,0,no,0,0,1,0
30,blue-collar,married,secondary,no,12697,yes,yes,5,1.58,1,0,no,0,0,1,1
42,housemaid,married,primary,no,14752,no,no,5,1.78,2,0,no,0,0,0,0
31,blue-collar,married,secondary,no,9714,yes,no,5,3.03,2,0,no,0,0,1,0
45,management,married,other,no,9051,yes,no,5,2.07,63,0,no,0,0,1,0
39,services,married,secondary,no,9374,yes,no,5,4.55,1,0,no,0,0,1,0
36,blue-collar,married,other,no,17983,yes,no,5,1.67,1,0,no,0,0,1,0
56,entrepreneur,married,tertiary,no,8741,yes,no,5,5.3,3,0,no,0,0,1,0
32,technician,married,secondary,no,11697,yes,no,5,4.93,1,0,no,0,0,1,0
37,management,single,tertiary,no,23867,no,no,5,3.13,3,0,no,0,0,0,0
31,services,married,secondary,no,11512,yes,no,5,2.98,1,0,no,0,0,1,0
35,self-employed,married,tertiary,no,35368,yes,no,5,1.05,1,0,no,0,0,1,0
31,admin,married,secondary,no,8784,yes,no,5,1.05,2,0,no,0,0,1,0
37,blue-collar,single,secondary,no,13156,yes,no,5,4.0,1,0,no,0,0,1,0
35,entrepreneur,single,secondary,no,12961,yes,no,5,4.53,2,0,no,0,0,1,0
32,blue-collar,single,secondary,no,15341,no,no,5,12.3,3,0,no,0,0,0,0
33,management,married,tertiary,no,11149,yes,no,5,6.97,2,0,no,0,0,1,0
32,blue-collar,married,primary,no,29050,yes,yes,5,9.38,2,0,no,0,0,1,1
33,technician,single,tertiary,no,8874,no,yes,5,2.53,3,0,no,0,0,0,1
31,management,single,tertiary,no,24870,yes,no,5,10.57,2,0,no,0,0,1,0
43,technician,married,secondary,no,8541,yes,no,5,4.32,9,0,no,0,0,1,0
36,management,married,tertiary,no,8564,yes,no,5,2.08,1,0,no,0,0,1,0
35,technician,single,secondary,no,11423,yes,no,5,1.78,1,0,no,0,0,1,0
32,management,single,tertiary,no,11315,no,no,5,4.77,1,0,no,0,0,0,0
31,self-employed,single,tertiary,no,14692,yes,no,5,10.02,1,0,no,0,0,1,0
33,management,married,tertiary,no,17946,yes,no,5,4.27,1,0,no,0,0,1,0
33,management,married,other,no,18347,yes,no,5,6.92,1,0,no,0,0,1,0
36,technician,single,secondary,no,9068,yes,no,5,1.63,1,0,no,0,0,1,0
33,technician,married,tertiary,no,17455,yes,yes,5,5.72,4,0,no,0,0,1,1
30,blue-collar,married,primary,no,9194,yes,no,5,2.97,2,0,no,0,0,1,0
37,blue-collar,married,secondary,no,13849,yes,no,5,4.2,5,0,no,0,0,1,0
31,management,single,tertiary,no,9874,yes,no,5,20.37,5,0,no,0,0,1,0
40,services,single,secondary,no,19343,yes,no,5,2.8,4,0,no,0,0,1,0
33,management,married,tertiary,no,9725,yes,no,5,2.18,4,0,no,0,0,1,0
39,management,married,tertiary,no,21111,yes,no,5,11.58,4,0,no,0,0,1,0
32,unemployed,married,primary,no,9894,yes,no,5,1.97,4,0,no,0,0,1,0
38,management,single,tertiary,no,16957,yes,no,5,2.37,2,0,no,0,0,1,0
28,management,married,tertiary,no,13186,yes,no,5,7.77,2,0,no,0,0,1,0
31,management,married,tertiary,no,22867,yes,no,5,4.02,2,0,no,0,0,1,0
29,management,single,tertiary,no,10436,no,no,5,1.72,2,0,no,0,0,0,0
36,services,single,secondary,no,9713,yes,no,5,1.2,3,0,no,0,0,1,0
28,technician,single,secondary,no,10865,yes,no,5,5.83,3,0,no,0,0,1,0
55,management,married,tertiary,no,10065,no,no,5,0.83,3,0,no,0,0,0,0
29,management,married,tertiary,no,16232,no,no,5,0.65,4,0,no,0,0,0,0
28,admin,married,secondary,no,9779,yes,yes,5,8.0,2,0,no,0,0,1,1
24,blue-collar,single,secondary,no,8594,yes,no,5,3.02,1,0,no,0,0,1,0
27,student,single,secondary,no,16173,yes,no,5,8.15,1,0,no,0,0,1,0
29,services,married,secondary,no,11417,yes,no,5,4.53,2,0,no,0,0,1,0
27,services,single,secondary,no,9636,yes,no,5,3.07,2,0,no,0,0,1,0
29,technician,single,secondary,no,22008,yes,no,5,2.32,2,0,no,0,0,1,0
28,admin,married,secondary,no,22171,yes,no,5,1.42,3,0,no,0,0,1,0
43,technician,single,secondary,no,11269,no,no,5,1.53,1,0,no,0,0,0,0
58,retired,married,secondary,no,32948,no,no,5,6.07,2,0,no,0,0,0,0
37,blue-collar,married,secondary,no,11953,yes,yes,5,3.47,1,0,no,0,0,1,1
44,blue-collar,married,other,no,15578,yes,no,5,6.68,1,0,no,0,0,1,0
44,technician,married,secondary,no,13761,yes,no,5,1.08,1,0,no,0,0,1,0
52,technician,married,secondary,no,22755,yes,no,5,1.17,2,0,no,0,0,1,0
51,blue-collar,divorced,other,no,10287,yes,no,5,1.95,1,0,no,0,0,1,0
28,blue-collar,married,primary,no,10045,yes,no,5,2.82,4,0,no,0,0,1,0
52,technician,married,other,no,9687,yes,no,5,15.6,1,0,no,0,0,1,0
26,technician,single,tertiary,no,8839,yes,no,5,15.53,3,0,no,0,0,1,0
42,management,married,tertiary,no,8794,yes,no,5,2.77,3,0,no,0,0,1,0
27,management,single,tertiary,no,12956,yes,no,5,13.15,3,0,yes,1,0,1,0
33,technician,married,tertiary,no,16992,yes,no,5,0.97,1,0,no,0,0,1,0
41,housemaid,divorced,tertiary,no,9767,yes,no,5,2.7,2,0,no,0,0,1,0
59,retired,married,secondary,no,9976,yes,no,5,0.95,2,0,no,0,0,1,0
50,technician,married,tertiary,no,11804,yes,no,5,1.38,1,0,no,0,0,1,0
50,management,married,tertiary,no,11528,yes,no,5,0.95,1,0,no,0,0,1,0
38,management,married,tertiary,no,12855,yes,no,5,6.95,1,0,no,0,0,1,0
46,management,divorced,tertiary,no,14481,yes,no,5,21.15,1,0,yes,1,0,1,0
55,management,married,secondary,no,11743,yes,no,5,1.25,1,0,no,0,0,1,0
43,admin,married,secondary,no,25741,yes,no,5,7.73,2,0,no,0,0,1,0
54,self-employed,married,secondary,no,12159,yes,no,5,3.05,2,0,no,0,0,1,0
47,technician,married,primary,no,12531,yes,no,5,14.8,3,0,no,0,0,1,0
57,technician,married,secondary,no,16063,yes,no,5,5.87,3,0,no,0,0,1,0
43,admin,divorced,secondary,no,15511,yes,no,6,8.07,1,0,no,0,0,1,0
49,entrepreneur,married,tertiary,no,18904,yes,no,6,1.88,3,0,no,0,0,1,0
34,blue-collar,married,secondary,no,8558,yes,no,6,7.77,2,0,no,0,0,1,0
52,management,married,tertiary,no,19797,yes,no,6,16.1,3,0,no,0,0,1,0
57,retired,married,secondary,no,12917,yes,no,6,1.52,3,0,no,0,0,1,0
33,management,single,tertiary,no,21096,yes,no,6,2.4,2,0,no,0,0,1,0
42,management,married,secondary,no,12282,yes,no,6,16.4,4,0,no,0,0,1,0
60,technician,divorced,secondary,no,11615,yes,no,6,1.17,10,0,no,0,0,1,0
34,blue-collar,single,secondary,no,13683,yes,no,6,1.92,3,0,no,0,0,1,0
49,management,divorced,tertiary,no,9326,yes,no,6,2.77,1,0,no,0,0,1,0
38,technician,single,secondary,no,12926,yes,no,6,4.67,1,0,no,0,0,1,0
36,blue-collar,married,secondary,no,16402,yes,no,6,6.77,3,0,no,0,0,1,0
32,management,single,tertiary,no,12686,yes,no,6,0.9,1,0,no,0,0,1,0
47,management,divorced,tertiary,no,17964,yes,no,6,2.75,2,0,no,0,0,1,0
43,technician,single,tertiary,no,27733,yes,no,6,2.73,7,0,no,0,0,1,0
44,technician,married,secondary,no,8938,yes,no,6,1.57,18,0,no,0,0,1,0
26,blue-collar,single,secondary,no,17891,yes,no,6,3.98,1,0,no,0,0,1,0
36,management,married,tertiary,no,27359,yes,no,6,1.18,2,0,no,0,0,1,0
51,technician,single,tertiary,no,11222,yes,no,6,2.52,7,0,no,0,0,1,0
23,blue-collar,single,primary,no,8627,yes,no,6,4.68,1,0,no,0,0,1,0
31,technician,divorced,secondary,no,10787,yes,no,6,2.25,2,0,no,0,0,1,0
30,other,single,primary,no,13052,no,no,6,2.33,1,0,no,0,0,0,0
30,management,single,tertiary,no,17036,yes,no,6,9.95,7,0,no,0,0,1,0
39,technician,married,secondary,no,9121,no,no,6,2.45,1,0,no,0,0,0,0
49,entrepreneur,married,tertiary,no,9824,no,no,6,1.15,1,0,no,0,0,0,0
60,retired,married,secondary,no,8590,no,no,6,1.42,1,0,no,0,0,0,0
52,housemaid,married,secondary,no,14363,no,no,6,2.2,1,0,no,0,0,0,0
50,management,married,tertiary,no,15442,no,no,6,1.52,1,0,no,0,0,0,0
60,retired,married,tertiary,no,9397,no,no,6,7.13,1,0,no,0,0,0,0
60,management,married,tertiary,no,13360,no,yes,6,4.4,1,0,no,0,0,0,1
54,entrepreneur,married,tertiary,no,11464,no,no,6,3.7,1,0,no,0,0,0,0
38,self-employed,married,other,no,10855,no,no,6,0.95,2,0,no,0,0,0,0
41,admin,married,secondary,no,21515,yes,no,6,1.45,1,0,no,0,0,1,0
59,blue-collar,married,primary,no,8562,no,no,6,1.43,2,0,no,0,0,0,0
39,blue-collar,married,primary,no,12848,yes,no,6,5.62,2,0,no,0,0,1,0
42,self-employed,married,tertiary,no,21861,no,no,6,8.1,2,0,no,0,0,0,0
51,management,married,tertiary,no,9796,no,yes,6,1.83,1,0,no,0,0,0,1
41,housemaid,divorced,primary,no,9059,no,no,6,1.88,1,0,no,0,0,0,0
60,retired,married,primary,no,22018,no,no,6,2.95,2,0,no,0,0,0,0
59,housemaid,divorced,secondary,no,45141,no,no,6,0.7,1,0,no,0,0,0,0
48,management,married,secondary,no,11146,no,no,6,2.27,1,0,no,0,0,0,0
59,self-employed,married,tertiary,no,10360,no,no,6,0.62,1,0,no,0,0,0,0
53,entrepreneur,married,other,no,19850,no,no,6,1.43,1,0,no,0,0,0,0
58,entrepreneur,married,primary,no,52499,no,no,6,3.3,2,0,no,0,0,0,0
60,housemaid,married,other,no,10285,no,no,6,2.9,2,0,no,0,0,0,0
44,technician,divorced,tertiary,no,9192,yes,no,6,0.98,3,0,no,0,0,1,0
51,management,married,tertiary,no,21574,no,no,6,3.28,3,0,no,0,0,0,0
53,management,married,other,no,12001,no,no,6,3.45,1,0,no,0,0,0,0
35,blue-collar,single,secondary,no,11671,no,no,6,3.17,1,0,no,0,0,0,0
36,self-employed,married,tertiary,no,16430,yes,no,6,3.28,3,0,no,0,0,1,0
45,blue-collar,married,secondary,no,22928,no,no,6,1.88,1,0,no,0,0,0,0
48,blue-collar,single,primary,no,10442,no,no,6,1.05,2,0,no,0,0,0,0
58,blue-collar,married,primary,no,9200,no,no,6,3.88,2,0,no,0,0,0,0
38,admin,married,secondary,no,9618,yes,no,6,3.57,1,0,no,0,0,1,0
41,blue-collar,married,primary,no,16431,no,no,6,2.32,1,0,no,0,0,0,0
39,blue-collar,married,tertiary,no,10483,no,no,6,3.63,1,0,no,0,0,0,0
35,housemaid,married,secondary,no,14000,no,no,6,2.02,2,0,no,0,0,0,0
44,technician,married,secondary,no,11016,no,no,6,4.2,3,0,no,0,0,0,0
42,self-employed,married,secondary,no,13242,no,no,6,2.48,1,0,no,0,0,0,0
55,management,married,secondary,no,8592,no,no,6,4.25,1,0,no,0,0,0,0
36,management,married,primary,no,22856,no,no,6,18.3,1,0,no,0,0,0,0
47,technician,married,secondary,no,10179,yes,no,6,2.98,2,0,no,0,0,1,0
46,admin,single,secondary,no,9326,no,yes,6,1.75,1,0,no,0,0,0,1
36,admin,single,secondary,no,13698,no,no,6,2.27,1,0,no,0,0,0,0
60,retired,married,primary,no,17413,no,no,6,3.33,1,0,no,0,0,0,0
46,blue-collar,married,primary,no,10333,yes,no,6,9.65,4,0,no,0,0,1,0
39,blue-collar,single,secondary,no,16917,no,no,6,2.15,6,0,no,0,0,0,0
48,services,married,secondary,no,11516,no,no,6,6.65,8,0,no,0,0,0,0
45,blue-collar,married,primary,no,13117,no,no,6,0.7,2,0,no,0,0,0,0
54,management,married,tertiary,no,16843,no,no,6,1.93,1,0,no,0,0,0,0
38,blue-collar,married,primary,no,8637,yes,no,6,1.98,1,0,no,0,0,1,0
51,technician,married,secondary,no,13089,no,no,6,4.12,1,0,no,0,0,0,0
55,retired,married,primary,no,8894,no,no,6,4.37,1,0,no,0,0,0,0
40,blue-collar,married,secondary,no,11084,no,no,6,1.88,1,0,no,0,0,0,0
36,unemployed,single,tertiary,no,9019,yes,no,6,15.87,3,0,no,0,0,1,0
42,blue-collar,married,other,no,8600,no,no,6,1.5,9,0,no,0,0,0,0
55,management,married,tertiary,no,10957,no,no,6,8.57,4,0,no,0,0,0,0
48,admin,married,secondary,no,13551,no,no,6,1.48,3,0,no,0,0,0,0
37,management,single,tertiary,no,8828,no,no,6,16.83,3,0,yes,1,0,0,0
27,admin,single,secondary,no,18188,yes,no,6,9.02,17,0,yes,1,0,1,0
38,management,divorced,tertiary,no,10638,no,no,6,2.65,2,0,no,0,0,0,0
39,unemployed,married,tertiary,no,11787,no,no,6,1.73,4,0,no,0,0,0,0
51,housemaid,married,primary,no,13292,no,no,6,20.63,2,0,no,0,0,0,0
60,management,married,primary,no,21292,no,no,6,4.03,6,0,no,0,0,0,0
58,services,married,secondary,no,12180,no,no,6,2.02,5,0,no,0,0,0,0
39,housemaid,married,primary,no,15352,no,no,6,1.65,1,0,no,0,0,0,0
37,admin,single,tertiary,no,12581,no,no,6,2.58,4,0,no,0,0,0,0
56,management,married,tertiary,no,21664,no,no,6,3.57,8,0,no,0,0,0,0
49,retired,single,primary,no,25824,no,no,6,1.57,1,0,no,0,0,0,0
38,management,married,tertiary,no,12877,no,no,6,1.97,3,0,no,0,0,0,0
56,entrepreneur,divorced,tertiary,no,22946,no,no,6,1.25,3,0,no,0,0,0,0
37,admin,married,secondary,no,10465,no,no,6,2.4,6,0,no,0,0,0,0
36,services,single,secondary,no,9231,no,no,6,4.5,3,0,no,0,0,0,0
37,blue-collar,married,secondary,no,10721,yes,no,6,6.57,3,0,no,0,0,1,0
37,management,married,tertiary,no,11265,no,no,6,6.95,1,0,no,0,0,0,0
41,management,single,tertiary,no,11008,no,no,6,25.67,1,0,yes,1,0,0,0
44,management,married,tertiary,no,17361,no,no,6,7.93,1,0,no,0,0,0,0
48,admin,married,secondary,no,17957,no,no,6,11.67,7,0,no,0,0,0,0
36,entrepreneur,married,tertiary,no,9405,no,no,6,4.95,3,0,no,0,0,0,0
38,self-employed,married,secondary,no,29125,no,no,6,5.22,2,0,no,0,0,0,0
37,blue-collar,single,primary,no,12130,yes,no,6,7.15,13,0,no,0,0,1,0
44,services,divorced,secondary,no,20541,no,yes,6,8.35,2,0,no,0,0,0,1
54,blue-collar,married,primary,no,10662,no,no,6,4.27,1,0,no,0,0,0,0
44,management,married,secondary,no,11972,no,no,6,2.12,1,0,no,0,0,0,0
55,unemployed,single,primary,no,10183,no,no,6,1.77,1,0,no,0,0,0,0
45,management,married,tertiary,no,9711,no,no,6,6.93,3,0,no,0,0,0,0
48,management,married,tertiary,no,13501,no,no,6,1.05,2,0,no,0,0,0,0
38,blue-collar,married,primary,no,15477,no,no,6,1.9,2,0,no,0,0,0,0
57,technician,married,secondary,no,9689,yes,no,6,5.22,1,0,no,0,0,1,0
41,technician,divorced,tertiary,no,24055,no,yes,6,2.2,1,0,no,0,0,0,1
44,blue-collar,single,primary,no,10984,no,no,6,4.3,18,0,no,0,0,0,0
57,admin,married,tertiary,no,9311,no,no,6,8.08,3,0,no,0,0,0,0
57,management,married,tertiary,no,9103,no,yes,6,18.3,2,0,yes,1,0,0,1
57,technician,married,tertiary,no,27069,no,yes,6,2.9,3,0,no,0,0,0,1
48,blue-collar,married,secondary,no,10724,no,no,6,3.97,3,0,no,0,0,0,0
47,admin,married,tertiary,no,12276,no,no,6,1.28,5,0,no,0,0,0,0
56,technician,married,other,no,9246,no,no,6,2.38,3,0,no,0,0,0,0
39,housemaid,married,other,no,9716,no,no,6,1.43,2,0,no,0,0,0,0
45,admin,married,secondary,no,14902,yes,no,6,0.52,6,0,no,0,0,1,0
40,management,married,tertiary,no,10786,no,no,6,1.85,3,0,no,0,0,0,0
60,self-employed,married,secondary,no,17339,no,no,6,0.83,11,0,no,0,0,0,0
35,admin,married,secondary,no,8652,yes,no,6,1.72,6,0,no,0,0,1,0
53,blue-collar,married,secondary,no,21522,no,no,6,2.43,4,0,no,0,0,0,0
50,blue-collar,married,primary,no,9301,yes,no,7,2.27,4,0,no,0,0,1,0
47,management,married,other,no,12245,no,no,7,18.38,3,0,no,0,0,0,0
59,blue-collar,married,secondary,no,13718,no,no,7,1.78,6,0,no,0,0,0,0
52,blue-collar,married,primary,no,9444,no,no,7,4.52,3,0,no,0,0,0,0
56,blue-collar,married,secondary,no,58932,no,no,7,5.65,2,0,no,0,0,0,0
45,technician,divorced,secondary,no,12389,no,yes,7,11.85,1,0,no,0,0,0,1
56,entrepreneur,married,tertiary,no,51439,no,yes,7,5.42,1,0,no,0,0,0,1
49,admin,married,secondary,no,13229,no,yes,7,1.28,2,0,no,0,0,0,1
60,blue-collar,married,secondary,no,19447,yes,no,7,3.27,1,0,no,0,0,1,0
30,technician,single,secondary,no,10152,yes,no,7,4.43,1,0,no,0,0,1,0
36,admin,single,secondary,no,9002,yes,yes,7,13.22,1,0,no,0,0,1,1
37,management,married,tertiary,no,15437,yes,no,7,2.05,1,0,no,0,0,1,0
58,self-employed,married,secondary,no,9994,no,no,7,6.67,1,0,no,0,0,0,0
33,admin,married,secondary,no,13160,no,no,7,3.53,1,0,no,0,0,0,0
41,technician,married,secondary,no,10438,yes,no,7,2.35,4,0,no,0,0,1,0
31,management,single,tertiary,no,38279,no,no,7,3.75,2,0,no,0,0,0,0
37,housemaid,married,secondary,no,12939,yes,yes,7,0.65,9,0,no,0,0,1,1
55,entrepreneur,married,tertiary,no,12731,yes,no,7,2.65,6,0,no,0,0,1,0
38,blue-collar,single,tertiary,no,14058,no,no,7,4.88,20,0,no,0,0,0,0
32,management,married,secondary,no,14611,yes,no,7,1.12,1,0,no,0,0,1,0
26,self-employed,married,tertiary,no,10005,yes,no,7,1.4,2,0,no,0,0,1,0
38,services,married,other,no,10189,yes,no,7,8.03,2,0,no,0,0,1,0
51,housemaid,divorced,secondary,no,9228,no,no,7,10.92,4,0,yes,1,0,0,0
38,management,single,tertiary,no,21963,no,no,7,1.17,2,0,no,0,0,0,0
58,retired,married,other,no,9004,no,no,7,14.85,4,0,yes,1,0,0,0
27,services,single,tertiary,no,9965,yes,no,7,11.03,1,0,no,0,0,1,0
26,management,single,tertiary,no,14004,yes,no,7,2.78,1,0,no,0,0,1,0
26,technician,single,tertiary,no,14054,no,no,7,2.97,1,0,no,0,0,0,0
36,management,divorced,tertiary,no,14930,no,no,7,3.17,1,0,no,0,0,0,0
53,services,married,primary,no,8918,yes,no,7,2.88,2,0,no,0,0,1,0
51,management,married,tertiary,no,22557,yes,no,7,1.18,3,0,no,0,0,1,0
49,entrepreneur,divorced,secondary,no,10350,no,yes,7,5.77,1,0,no,0,0,0,1
28,management,married,tertiary,no,9664,yes,no,7,8.28,2,0,no,0,0,1,0
46,entrepreneur,married,primary,no,8873,yes,no,7,5.23,2,0,no,0,0,1,0
43,entrepreneur,married,tertiary,no,11532,yes,no,7,0.97,1,0,no,0,0,1,0
39,entrepreneur,married,primary,no,13930,yes,no,7,5.62,2,0,no,0,0,1,0
31,services,single,tertiary,no,10122,yes,no,7,1.05,1,0,no,0,0,1,0
39,technician,married,secondary,no,10685,yes,no,7,22.82,9,0,yes,1,0,1,0
27,management,married,tertiary,no,9630,yes,no,7,3.17,4,0,no,0,0,1,0
32,management,single,tertiary,no,15561,yes,no,7,2.52,3,0,no,0,0,1,0
36,management,single,tertiary,no,13315,no,no,7,0.72,8,0,no,0,0,0,0
43,admin,married,secondary,no,9173,no,no,7,1.33,2,0,no,0,0,0,0
38,unemployed,married,tertiary,no,9881,no,no,7,8.28,2,0,no,0,0,0,0
47,management,married,tertiary,no,24312,yes,no,7,3.12,3,0,no,0,0,1,0
53,technician,married,other,no,8605,no,no,7,10.58,3,0,no,0,0,0,0
39,admin,married,tertiary,no,9143,no,no,7,14.18,2,0,no,0,0,0,0
48,management,married,tertiary,no,14530,yes,yes,7,14.38,10,0,no,0,0,1,1
58,retired,married,primary,no,10628,no,no,7,3.15,4,0,no,0,0,0,0
45,blue-collar,married,other,no,13265,no,no,7,1.88,2,0,no,0,0,0,0
57,retired,married,tertiary,no,11254,no,no,7,3.82,2,0,no,0,0,0,0
54,retired,single,secondary,no,10621,no,no,7,3.12,2,0,no,0,0,0,0
29,blue-collar,single,tertiary,no,11310,yes,no,7,7.27,3,0,no,0,0,1,0
60,housemaid,married,other,no,15681,no,no,7,2.33,3,0,no,0,0,0,0
56,management,married,tertiary,no,25290,no,no,7,1.35,12,0,no,0,0,0,0
53,entrepreneur,married,tertiary,no,17410,no,no,7,0.98,6,0,no,0,0,0,0
48,management,married,tertiary,no,10347,yes,no,7,2.55,6,0,no,0,0,1,0
49,unemployed,married,secondary,no,13818,no,no,7,3.68,2,0,no,0,0,0,0
51,technician,married,secondary,no,8758,no,no,7,1.53,2,0,no,0,0,0,0
39,blue-collar,married,secondary,no,10005,yes,no,7,4.02,4,0,no,0,0,1,0
50,blue-collar,married,secondary,no,9585,yes,no,7,3.03,6,0,no,0,0,1,0
38,management,married,tertiary,no,14190,yes,no,7,0.8,3,0,no,0,0,1,0
45,blue-collar,married,primary,no,15515,no,no,8,2.78,2,0,no,0,0,0,0
40,management,married,tertiary,no,9221,no,no,8,4.2,1,0,no,0,0,0,0
51,housemaid,married,other,no,21244,no,yes,8,2.77,2,0,no,0,0,0,1
54,management,married,tertiary,no,11391,no,no,8,5.55,1,0,no,0,0,0,0
58,management,married,tertiary,no,9683,no,no,8,14.28,2,0,no,0,0,0,0
42,management,single,secondary,no,9720,no,no,8,1.35,2,0,no,0,0,0,0
55,management,married,secondary,no,11655,no,no,8,1.9,1,0,no,0,0,0,0
59,retired,married,secondary,no,12438,no,no,8,1.52,1,0,no,0,0,0,0
30,management,single,tertiary,no,16922,yes,no,8,3.3,1,0,no,0,0,1,0
44,technician,married,secondary,no,10888,yes,no,8,2.72,1,0,no,0,0,1,0
46,services,married,primary,no,13118,no,no,8,6.9,2,0,no,0,0,0,0
58,management,married,tertiary,no,14922,no,no,8,1.13,2,0,no,0,0,0,0
39,management,married,tertiary,no,13021,no,no,8,7.08,2,0,no,0,0,0,0
42,management,married,tertiary,no,24780,no,no,8,3.07,2,0,no,0,0,0,0
42,technician,married,tertiary,no,14282,yes,no,8,10.82,4,0,yes,1,0,1,0
58,retired,married,secondary,no,13189,no,yes,8,3.02,2,0,no,0,0,0,1
42,management,married,tertiary,no,9261,yes,no,8,2.0,2,0,no,0,0,1,0
50,technician,married,secondary,no,10757,yes,no,8,4.6,3,0,no,0,0,1,0
55,entrepreneur,married,tertiary,no,41923,no,no,8,1.15,3,0,no,0,0,0,0
59,admin,married,other,no,64343,no,no,8,0.75,4,0,no,0,0,0,0
51,management,married,tertiary,no,10077,no,no,8,1.55,2,0,no,0,0,0,0
43,management,married,tertiary,no,11754,no,no,8,5.87,2,0,no,0,0,0,0
43,management,married,secondary,no,10273,no,no,8,5.98,2,0,no,0,0,0,0
30,technician,married,tertiary,no,14355,no,no,8,4.07,2,0,no,0,0,0,0
51,management,married,tertiary,no,15904,no,no,8,8.4,4,0,no,0,0,0,0
45,blue-collar,married,secondary,no,9680,no,no,8,1.48,4,0,no,0,0,0,0
35,management,married,tertiary,no,15298,no,no,8,10.7,3,0,no,0,0,0,0
44,management,married,tertiary,no,10950,yes,no,8,1.4,1,0,no,0,0,1,0
32,technician,married,secondary,no,9608,no,no,8,1.9,4,0,no,0,0,0,0
56,management,divorced,tertiary,no,66721,no,no,8,7.37,2,0,no,0,0,0,0
42,entrepreneur,married,tertiary,no,42045,no,no,8,3.42,2,0,no,0,0,0,0
59,blue-collar,married,secondary,no,12928,no,no,8,1.1,2,0,no,0,0,0,0
49,entrepreneur,married,primary,no,10772,no,no,8,1.48,2,0,no,0,0,0,0
34,technician,single,secondary,no,19348,yes,no,8,5.27,2,0,no,0,0,1,0
31,management,single,tertiary,no,9506,no,no,8,5.35,2,0,no,0,0,0,0
55,blue-collar,married,primary,no,9997,no,no,8,1.97,2,0,no,0,0,0,0
43,self-employed,married,primary,no,9304,no,no,8,6.03,4,0,no,0,0,0,0
43,management,married,tertiary,no,21510,no,no,8,4.13,2,0,no,0,0,0,0
40,technician,married,secondary,no,8844,no,no,8,3.4,1,0,no,0,0,0,0
31,management,married,tertiary,no,10088,no,no,8,1.2,6,0,no,0,0,0,0
38,management,single,tertiary,no,11971,yes,no,8,5.45,3,0,no,0,0,1,0
39,housemaid,married,primary,no,13338,no,no,8,1.72,4,0,no,0,0,0,0
32,management,single,tertiary,no,11797,yes,no,8,1.58,2,0,no,0,0,1,0
49,self-employed,married,tertiary,no,23917,no,no,8,0.85,4,0,no,0,0,0,0
39,management,married,secondary,no,11835,yes,no,8,12.4,2,0,yes,1,0,1,0
57,retired,married,secondary,no,13834,no,no,8,1.78,1,0,no,0,0,0,0
51,technician,single,secondary,no,8538,yes,no,8,2.1,2,0,no,0,0,1,0
38,services,single,secondary,no,9609,yes,no,8,28.12,9,0,no,0,0,1,0
57,blue-collar,married,secondary,no,14093,no,no,8,3.85,5,0,no,0,0,0,0
56,other,married,other,no,15088,no,no,8,2.98,4,0,no,0,0,0,0
40,management,married,tertiary,no,12409,yes,no,8,3.27,2,0,no,0,0,1,0
54,admin,married,secondary,no,19213,no,no,8,1.67,6,0,no,0,0,0,0
54,management,married,tertiary,no,11563,yes,no,8,2.38,2,0,no,0,0,1,0
34,technician,single,tertiary,no,23919,no,no,8,6.4,2,0,no,0,0,0,0
57,management,divorced,tertiary,no,8897,yes,no,8,14.42,2,0,yes,1,0,1,0
41,management,married,tertiary,no,8553,yes,no,8,5.07,12,0,no,0,0,1,0
30,management,single,tertiary,no,9634,no,no,8,13.02,5,0,no,0,0,0,0
32,technician,married,secondary,no,11431,no,no,8,2.35,5,0,no,0,0,0,0
48,unemployed,married,primary,no,9622,no,no,8,13.12,6,0,no,0,0,0,0
49,technician,married,secondary,no,12531,no,no,8,1.28,8,0,no,0,0,0,0
32,technician,single,tertiary,no,34646,no,no,8,10.3,9,0,yes,1,0,0,0
51,admin,divorced,secondary,no,14215,no,no,8,2.18,2,0,no,0,0,0,0
39,management,married,tertiary,no,28433,no,no,8,4.12,2,0,no,0,0,0,0
50,self-employed,married,secondary,no,10052,no,no,8,11.08,2,0,yes,1,0,0,0
53,technician,married,secondary,no,9146,no,no,8,2.27,4,0,no,0,0,0,0
36,technician,single,secondary,no,9149,yes,no,8,2.35,3,0,no,0,0,1,0
34,management,single,tertiary,no,9827,yes,no,8,14.52,4,0,yes,1,0,1,0
52,unemployed,married,secondary,no,9139,no,no,8,11.4,2,0,no,0,0,0,0
59,blue-collar,married,secondary,no,10054,no,no,8,1.32,6,0,no,0,0,0,0
59,retired,married,secondary,no,25947,no,no,8,4.87,2,0,no,0,0,0,0
60,management,married,secondary,no,13238,no,no,8,6.97,4,0,no,0,0,0,0
56,management,married,tertiary,no,16377,no,no,8,1.78,8,0,no,0,0,0,0
40,management,married,tertiary,no,8902,yes,no,8,7.73,5,0,no,0,0,1,0
42,technician,married,tertiary,no,13410,no,yes,8,2.48,2,0,no,0,0,0,1
41,management,divorced,tertiary,no,20479,no,no,8,3.82,2,0,no,0,0,0,0
31,management,single,tertiary,no,10112,yes,no,8,1.5,4,0,no,0,0,1,0
31,technician,single,secondary,no,31868,no,no,8,0.57,6,0,no,0,0,0,0
51,management,married,tertiary,no,25856,no,no,8,2.15,2,0,no,0,0,0,0
52,blue-collar,married,primary,no,66653,no,no,8,1.82,3,0,no,0,0,0,0
30,management,single,tertiary,no,13763,no,no,8,5.22,3,0,no,0,0,0,0
43,management,married,tertiary,no,13044,no,no,8,0.6,4,0,no,0,0,0,0
43,management,married,tertiary,no,41630,no,no,8,1.13,4,0,no,0,0,0,0
50,blue-collar,married,primary,no,9202,no,no,8,3.4,7,0,no,0,0,0,0
35,technician,married,secondary,no,23876,no,no,8,3.18,2,0,no,0,0,0,0
30,management,married,tertiary,no,10639,no,no,8,1.25,2,0,no,0,0,0,0
48,technician,married,secondary,no,14148,yes,no,8,1.42,2,0,no,0,0,1,0
31,management,single,tertiary,no,11821,no,no,8,6.4,11,0,yes,1,0,0,0
52,blue-collar,married,primary,no,9804,yes,yes,8,2.58,4,0,no,0,0,1,1
33,technician,single,secondary,no,12177,no,no,8,1.27,5,0,no,0,0,0,0
48,technician,married,tertiary,no,9207,no,no,8,7.42,3,0,no,0,0,0,0
47,technician,married,secondary,no,17206,yes,no,8,2.08,4,0,no,0,0,1,0
60,retired,married,tertiary,no,10500,no,no,8,0.93,7,0,no,0,0,0,0
41,technician,single,tertiary,no,15302,no,no,8,2.02,4,0,no,0,0,0,0
31,management,married,tertiary,no,22546,yes,no,8,1.47,4,0,no,0,0,1,0
33,management,single,tertiary,no,20794,no,no,8,3.77,5,0,no,0,0,0,0
34,technician,single,secondary,no,10890,no,no,8,0.77,14,0,no,0,0,0,0
40,management,married,tertiary,no,52527,no,no,8,2.33,11,0,no,0,0,0,0
45,blue-collar,married,secondary,no,13156,no,no,8,1.03,4,0,no,0,0,0,0
47,blue-collar,married,secondary,no,11305,no,no,8,1.97,6,0,no,0,0,0,0
41,management,married,tertiary,no,15449,no,no,8,2.27,9,0,no,0,0,0,0
31,management,single,tertiary,no,10215,no,no,8,2.32,2,0,no,0,0,0,0
48,technician,married,secondary,no,23495,no,no,8,1.05,8,0,no,0,0,0,0
39,technician,married,secondary,no,13165,yes,yes,8,2.45,4,0,no,0,0,1,1
45,technician,married,tertiary,no,12766,no,no,8,2.15,3,0,no,0,0,0,0
33,other,married,tertiary,no,8971,no,no,8,2.3,1,0,no,0,0,0,0
50,services,married,secondary,no,26394,no,no,8,3.43,4,0,no,0,0,0,0
33,management,single,tertiary,no,9135,yes,no,8,1.33,4,0,no,0,0,1,0
34,technician,married,tertiary,no,11126,no,no,8,2.33,4,0,no,0,0,0,0
55,management,single,tertiary,no,43074,yes,no,8,1.53,6,0,no,0,0,1,0
40,management,married,tertiary,no,24450,no,no,8,1.22,2,0,no,0,0,0,0
31,management,married,tertiary,no,29230,no,no,8,0.83,9,0,no,0,0,0,0
51,management,married,tertiary,no,9864,no,no,8,1.15,4,0,no,0,0,0,0
60,other,married,other,no,17297,no,no,8,11.07,11,0,yes,1,0,0,0
30,technician,single,secondary,no,9645,no,yes,8,2.17,10,0,no,0,0,0,1
51,services,married,primary,no,10150,yes,no,8,2.62,5,0,no,0,0,1,0
45,management,married,tertiary,no,22815,no,no,8,10.88,8,0,no,0,0,0,0
42,technician,married,secondary,no,9324,no,no,8,1.12,4,0,no,0,0,0,0
30,management,single,tertiary,no,20261,yes,no,8,1.35,10,0,no,0,0,1,0
51,blue-collar,married,primary,no,21614,no,no,8,0.78,20,0,no,0,0,0,0
50,blue-collar,married,primary,no,12519,yes,no,10,0.62,1,0,no,0,0,1,0
32,management,married,tertiary,no,9214,no,yes,10,1.18,1,0,no,0,0,0,1
47,admin,married,secondary,no,24556,no,no,10,5.15,1,0,no,0,0,0,0
32,admin,married,secondary,no,8749,yes,yes,10,4.9,1,0,yes,1,0,1,1
58,management,divorced,tertiary,no,26254,yes,no,10,0.82,1,0,no,0,0,1,0
57,other,married,other,no,19268,no,no,10,5.02,1,0,yes,1,0,0,0
49,admin,married,secondary,no,10250,yes,no,10,1.62,1,0,yes,1,0,1,0
47,management,divorced,tertiary,no,12026,yes,no,10,4.18,1,0,yes,1,0,1,0
30,management,single,tertiary,no,12857,yes,no,11,2.5,1,0,yes,1,0,1,0
40,management,single,secondary,no,9916,no,no,11,1.63,1,0,no,0,0,0,0
49,retired,married,secondary,no,8648,no,no,11,8.78,1,0,no,0,0,0,0
40,management,married,tertiary,no,8969,yes,no,11,2.55,1,0,no,0,0,1,0
49,management,married,tertiary,no,17432,no,no,11,1.7,1,0,no,0,0,0,0
49,admin,married,secondary,no,12226,yes,no,11,1.6,2,0,no,0,0,1,0
54,management,married,tertiary,no,14107,no,no,11,1.63,1,0,no,0,0,0,0
45,housemaid,married,secondary,no,20187,yes,no,11,11.78,1,0,no,0,0,1,0
42,technician,married,tertiary,no,14282,yes,no,11,1.28,1,4,no,0,0,1,0
51,technician,single,secondary,no,17092,no,no,11,0.58,1,0,no,0,0,0,0
58,management,married,tertiary,no,16264,no,no,11,3.58,3,0,no,0,0,0,0
46,management,married,tertiary,no,9678,yes,no,11,5.3,1,0,no,0,0,1,0
37,blue-collar,married,secondary,no,22341,yes,no,11,2.92,1,0,no,0,0,1,0
51,technician,married,secondary,no,12061,yes,no,11,2.5,1,1,no,0,0,1,0
59,self-employed,married,tertiary,no,34247,yes,no,11,1.1,2,0,no,0,0,1,0
52,management,married,tertiary,no,11650,yes,no,11,0.8,1,0,no,0,0,1,0
38,management,single,tertiary,no,11971,yes,no,11,10.15,2,3,no,0,0,1,0
46,services,married,other,no,12839,yes,no,11,3.8,4,0,no,0,0,1,0
40,management,single,secondary,no,10378,yes,no,11,8.72,3,0,no,0,0,1,0
43,entrepreneur,married,tertiary,no,13342,yes,no,11,7.75,1,0,no,0,0,1,0
34,management,single,tertiary,no,26575,no,no,11,1.55,1,0,no,0,0,0,0
44,technician,married,secondary,no,10888,yes,no,11,1.12,1,1,no,0,0,1,0
58,management,married,tertiary,no,9339,yes,no,11,0.87,3,3,no,0,0,1,0
41,admin,married,secondary,no,16517,no,no,11,21.13,2,0,no,0,0,0,0
50,management,married,secondary,no,13931,yes,no,11,2.2,1,0,no,0,0,1,0
58,retired,married,secondary,no,14412,no,no,11,4.95,1,0,no,0,0,0,0
52,self-employed,divorced,tertiary,no,10653,yes,no,11,5.6,1,0,no,0,0,1,0
34,technician,single,secondary,no,18777,yes,no,11,8.92,1,0,no,0,0,1,0
53,entrepreneur,married,other,no,19850,no,no,11,0.87,1,1,no,0,0,0,0
56,management,married,tertiary,no,15520,no,no,11,7.0,1,0,no,0,0,0,0
47,admin,married,secondary,no,12845,yes,no,11,1.95,1,0,no,0,0,1,0
55,management,married,tertiary,no,16786,no,no,11,1.5,1,0,no,0,0,0,0
46,unemployed,married,secondary,no,16397,no,no,11,10.68,1,0,no,0,0,0,0
32,entrepreneur,married,tertiary,no,11591,yes,no,11,0.72,1,0,no,0,0,1,0
53,management,married,tertiary,no,8563,yes,no,11,1.15,1,0,no,0,0,1,0
43,technician,married,secondary,no,17655,yes,no,11,0.52,1,0,no,0,0,1,0
58,technician,single,secondary,no,8600,yes,no,11,1.02,1,0,no,0,0,1,0
30,management,single,tertiary,no,12569,no,no,11,1.45,1,0,no,0,0,0,0
45,self-employed,married,tertiary,no,35589,no,no,11,9.5,2,0,no,0,0,0,0
34,management,married,tertiary,no,10031,yes,no,11,1.08,2,0,no,0,0,1,0
39,services,married,other,no,10189,yes,no,11,3.1,2,2,no,0,0,1,0
39,entrepreneur,married,secondary,no,11887,no,no,11,19.68,2,0,yes,1,0,0,0
59,housemaid,single,secondary,no,26172,no,no,11,0.9,2,0,no,0,0,0,0
44,management,married,tertiary,no,13853,yes,no,11,22.15,3,0,no,0,0,1,0
35,technician,married,tertiary,no,14232,yes,no,11,6.2,2,0,no,0,0,1,0
53,management,married,tertiary,no,9072,no,no,11,1.95,2,0,no,0,0,0,0
56,technician,single,tertiary,no,12539,no,no,11,4.32,1,0,no,0,0,0,0
33,technician,married,tertiary,no,17455,yes,yes,11,2.8,3,4,no,0,0,1,1
40,management,single,secondary,no,9916,no,no,11,6.85,3,1,no,0,0,0,0
39,management,married,tertiary,no,9579,yes,no,11,2.67,3,0,no,0,0,1,0
39,management,single,tertiary,no,12437,no,no,11,0.67,1,0,no,0,0,0,0
30,admin,married,secondary,no,8781,yes,no,11,14.97,1,0,yes,1,0,1,0
35,management,married,tertiary,no,12256,yes,no,11,5.13,4,0,no,0,0,1,0
38,blue-collar,married,primary,no,10443,no,no,11,6.17,1,0,no,0,0,0,0
38,technician,married,tertiary,no,11766,yes,no,11,4.67,1,0,no,0,0,1,0
40,management,married,tertiary,no,12409,yes,no,11,2.33,1,2,no,0,0,1,0
42,services,married,tertiary,no,12223,yes,no,11,0.6,1,0,no,0,0,1,0
59,blue-collar,married,secondary,no,16869,no,no,11,1.78,1,0,no,0,0,0,0
45,housemaid,married,secondary,no,16358,no,no,11,2.68,1,0,no,0,0,0,0
43,management,married,tertiary,no,13044,no,no,11,3.58,1,4,no,0,0,0,0
32,admin,single,secondary,no,10218,yes,no,11,2.48,2,0,no,0,0,1,0
35,self-employed,married,tertiary,no,8647,no,no,11,2.33,2,0,no,0,0,0,0
54,management,married,tertiary,no,11246,no,no,11,2.03,2,0,no,0,0,0,0
43,blue-collar,single,secondary,no,9102,yes,no,11,1.2,1,0,no,0,0,1,0
46,blue-collar,married,secondary,no,9347,yes,no,11,2.3,1,1,no,0,0,1,0
38,services,married,secondary,no,8876,no,no,11,10.6,1,0,no,0,0,0,0
32,unemployed,married,secondary,no,11524,yes,no,11,4.82,3,0,no,0,0,1,0
32,management,married,tertiary,no,11281,no,no,11,2.58,1,0,no,0,0,0,0
57,admin,divorced,secondary,no,18268,yes,no,11,1.13,1,0,no,0,0,1,0
59,retired,married,secondary,no,32948,no,no,11,4.05,1,2,no,0,0,0,0
51,technician,married,secondary,no,8863,no,no,11,7.25,2,0,no,0,0,0,0
57,self-employed,married,secondary,no,11494,no,no,11,3.3,1,0,no,0,0,0,0
46,entrepreneur,married,primary,no,8873,yes,no,11,2.87,1,2,no,0,0,1,0
51,management,married,tertiary,no,10995,yes,no,11,3.67,2,0,no,0,0,1,0
32,admin,single,secondary,no,8619,yes,no,11,4.45,2,0,no,0,0,1,0
50,admin,divorced,primary,no,8583,yes,no,11,0.98,1,0,no,0,0,1,0
53,management,divorced,tertiary,no,26306,yes,no,11,1.12,3,0,no,0,0,1,0
55,management,married,tertiary,no,12675,no,no,11,3.25,2,0,no,0,0,0,0
36,self-employed,married,tertiary,no,16430,yes,no,11,3.9,1,3,no,0,0,1,0
30,entrepreneur,married,secondary,no,12737,no,yes,11,9.82,2,0,yes,1,0,0,1
59,management,married,tertiary,no,10114,no,no,11,9.93,3,0,no,0,0,0,0
40,management,married,tertiary,no,12212,no,no,11,1.67,3,0,no,0,0,0,0
30,management,single,tertiary,no,19358,no,no,11,4.3,2,0,no,0,0,0,0
57,management,married,tertiary,no,12048,no,no,11,1.58,3,0,no,0,0,0,0
39,management,married,tertiary,no,12855,yes,no,11,1.8,4,1,no,0,0,1,0
54,management,married,tertiary,no,17008,no,no,11,2.52,2,0,no,0,0,0,0
34,unemployed,single,secondary,no,9895,no,no,11,5.93,2,0,no,0,0,0,0
52,technician,married,other,no,9687,yes,no,11,3.7,3,1,no,0,0,1,0
44,technician,married,secondary,yes,16486,yes,yes,11,4.58,3,0,no,0,1,1,1
59,retired,married,secondary,no,17769,no,no,11,5.37,3,0,no,0,0,0,0
40,admin,married,other,no,9110,yes,no,11,1.48,3,0,no,0,0,1,0
53,management,married,tertiary,no,32464,no,no,11,2.25,4,0,no,0,0,0,0
36,management,married,tertiary,no,9269,yes,yes,11,1.78,2,0,no,0,0,1,1
52,blue-collar,married,secondary,no,8979,yes,no,11,1.2,3,0,no,0,0,1,0
47,self-employed,married,primary,no,10697,no,no,11,4.57,2,0,no,0,0,0,0
36,admin,single,secondary,no,10041,yes,no,11,1.52,2,1,no,0,0,1,0
46,management,married,tertiary,no,22452,yes,no,11,4.73,1,0,no,0,0,1,0
33,management,single,secondary,no,20600,no,no,11,2.08,1,0,no,0,0,0,0
54,entrepreneur,divorced,tertiary,no,20527,no,no,11,1.1,1,0,no,0,0,0,0
55,self-employed,married,secondary,no,12159,yes,no,11,2.37,2,2,no,0,0,1,0
50,entrepreneur,married,tertiary,no,8649,yes,no,11,2.35,1,0,no,0,0,1,0
57,management,divorced,tertiary,no,15062,no,no,11,1.27,9,0,no,0,0,0,0
59,management,married,tertiary,no,98417,no,no,11,2.42,5,0,no,0,0,0,0
38,management,single,tertiary,no,8953,no,yes,11,5.02,1,0,no,0,0,0,1
30,management,married,secondary,no,11391,yes,no,11,5.32,1,2,no,0,0,1,0
34,technician,single,tertiary,no,9851,yes,no,11,2.13,5,0,no,0,0,1,0
33,technician,married,tertiary,no,15169,yes,no,11,1.72,1,0,no,0,0,1,0
53,technician,married,other,no,9252,no,no,11,4.62,1,0,no,0,0,0,0
49,management,divorced,tertiary,no,20727,no,no,11,1.47,2,0,no,0,0,0,0
30,blue-collar,married,secondary,no,10395,yes,no,11,2.02,1,0,no,0,0,1,0
49,blue-collar,married,secondary,no,8545,yes,yes,11,2.92,1,0,no,0,0,1,1
36,services,married,secondary,no,11462,yes,no,11,16.55,1,0,yes,1,0,1,0
43,blue-collar,single,primary,no,13620,yes,no,11,2.13,1,0,no,0,0,1,0
32,blue-collar,single,secondary,no,8859,yes,no,11,4.2,1,0,no,0,0,1,0
35,admin,married,tertiary,no,12634,no,no,11,1.9,1,0,no,0,0,0,0
33,self-employed,single,tertiary,no,9670,no,no,11,3.4,1,0,no,0,0,0,0
52,services,married,secondary,no,10021,no,no,11,2.9,1,0,no,0,0,0,0
36,management,married,tertiary,no,11675,yes,no,11,0.8,1,0,no,0,0,1,0
55,management,divorced,tertiary,no,29484,no,no,11,2.52,2,0,no,0,0,0,0
53,admin,married,secondary,no,8892,yes,no,11,2.52,1,0,no,0,0,1,0
45,entrepreneur,married,tertiary,no,20138,yes,no,11,14.52,5,0,yes,1,0,1,0
32,services,married,secondary,no,11512,yes,no,11,5.02,1,1,no,0,0,1,0
32,blue-collar,married,secondary,no,8957,no,no,11,2.42,1,0,no,0,0,0,0
51,management,divorced,secondary,no,10834,yes,no,11,1.43,1,0,no,0,0,1,0
55,technician,married,secondary,no,9774,yes,no,11,3.78,1,0,no,0,0,1,0
55,management,married,tertiary,no,10065,no,no,11,3.28,5,3,no,0,0,0,0
31,services,single,secondary,no,11386,yes,no,11,5.93,1,0,no,0,0,1,0
36,self-employed,single,secondary,no,20451,no,no,11,1.15,3,0,no,0,0,0,0
53,blue-collar,married,secondary,no,21522,no,no,11,1.38,3,4,no,0,0,0,0
44,admin,single,secondary,no,10386,yes,no,11,1.58,1,0,no,0,0,1,0
34,management,divorced,tertiary,no,13204,yes,yes,11,3.28,2,0,no,0,0,1,1
30,admin,single,secondary,no,10735,no,no,11,1.05,1,0,no,0,0,0,0
31,services,married,secondary,no,14387,yes,no,11,2.13,1,0,no,0,0,1,0
58,technician,married,primary,no,16119,no,no,11,3.13,2,0,no,0,0,0,0
34,admin,married,secondary,no,16489,yes,no,11,2.42,1,0,no,0,0,1,0
32,blue-collar,married,secondary,no,10142,yes,no,11,4.15,1,0,no,0,0,1,0
32,blue-collar,married,primary,no,12705,yes,no,11,3.52,1,0,no,0,0,1,0
30,services,single,secondary,no,9720,no,yes,11,4.25,2,0,no,0,0,0,1
32,management,single,tertiary,no,12686,yes,no,11,2.93,1,1,no,0,0,1,0
30,services,married,secondary,no,10667,no,no,11,2.33,1,0,no,0,0,0,0
31,admin,married,secondary,no,9911,no,no,11,10.07,1,0,no,0,0,0,0
34,blue-collar,married,tertiary,no,17672,no,no,11,9.13,1,0,no,0,0,0,0
59,unemployed,married,primary,no,13836,no,no,11,12.22,1,0,no,0,0,0,0
31,blue-collar,married,secondary,no,10287,yes,no,11,4.88,1,0,no,0,0,1,0
33,admin,single,secondary,no,21854,yes,no,11,3.58,2,0,no,0,0,1,0
36,admin,single,secondary,no,8785,yes,no,11,7.08,2,0,no,0,0,1,0
59,management,divorced,tertiary,no,17056,yes,no,11,7.83,2,0,no,0,0,1,0
44,self-employed,single,tertiary,no,18558,yes,no,11,0.85,1,4,no,0,0,1,0
43,management,married,tertiary,no,14355,no,no,11,0.87,2,0,no,0,0,0,0
34,management,single,tertiary,no,11350,yes,no,11,2.65,1,0,no,0,0,1,0
40,management,divorced,tertiary,no,9541,no,no,11,2.13,2,1,no,0,0,0,0
37,management,married,tertiary,no,9895,yes,no,11,5.87,3,0,no,0,0,1,0
43,services,married,secondary,no,14679,yes,no,11,2.75,3,0,no,0,0,1,0
34,management,married,tertiary,no,16649,yes,no,11,2.58,2,0,no,0,0,1,0
42,management,married,tertiary,no,9009,no,no,11,2.25,2,0,no,0,0,0,0
30,management,single,tertiary,no,19796,no,no,11,0.68,1,0,no,0,0,0,0
42,technician,married,secondary,no,8899,yes,no,11,1.25,2,0,no,0,0,1,0
31,admin,married,secondary,no,11839,yes,yes,11,8.88,2,0,no,0,0,1,1
54,blue-collar,divorced,primary,no,10374,yes,no,11,4.72,2,2,no,0,0,1,0
59,blue-collar,single,secondary,no,12270,no,no,11,3.0,2,0,no,0,0,0,0
31,technician,single,tertiary,no,13711,yes,no,11,25.53,3,0,yes,1,0,1,0
39,technician,single,secondary,no,18508,no,no,11,26.63,4,0,yes,1,0,0,0
34,management,married,tertiary,no,19391,no,no,11,6.52,2,0,no,0,0,0,0
30,management,single,tertiary,no,20580,yes,no,11,1.93,2,0,no,0,0,1,0
50,blue-collar,married,primary,no,12519,yes,no,11,10.25,3,1,yes,1,0,1,0
32,admin,married,secondary,no,9049,yes,no,11,8.93,1,0,no,0,0,1,0
35,unemployed,divorced,tertiary,no,8903,yes,no,11,5.6,6,0,no,0,0,1,0
50,management,divorced,tertiary,no,11998,no,no,11,5.82,1,0,no,0,0,0,0
36,self-employed,married,tertiary,no,12132,no,no,11,2.43,1,0,no,0,0,0,0
43,self-employed,married,secondary,no,14144,yes,no,11,8.4,1,0,yes,1,0,1,0
40,services,married,secondary,no,10406,no,no,11,5.8,2,4,no,0,0,0,0
38,management,single,tertiary,no,8669,yes,no,11,3.8,6,0,no,0,0,1,0
31,management,single,tertiary,no,44128,no,no,11,1.23,1,0,no,0,0,0,0
51,entrepreneur,married,tertiary,no,36935,yes,no,11,0.68,1,0,no,0,0,1,0
49,unemployed,married,secondary,no,13818,no,no,11,3.35,1,2,no,0,0,0,0
31,management,married,secondary,no,8629,yes,no,11,15.95,1,2,yes,1,0,1,0
59,retired,married,tertiary,no,41242,no,no,11,2.68,1,0,no,0,0,0,0
34,technician,single,secondary,no,27446,yes,no,11,3.38,2,0,no,0,0,1,0
56,services,married,secondary,no,22196,yes,no,11,3.15,1,0,no,0,0,1,0
35,technician,married,secondary,no,15474,no,no,11,1.48,1,2,no,0,0,0,0
41,management,married,tertiary,no,9935,no,no,11,0.82,1,0,no,0,0,0,0
49,technician,married,secondary,no,8689,no,no,11,9.77,1,0,no,0,0,0,0
57,management,married,tertiary,no,17118,yes,no,11,1.7,1,0,no,0,0,1,0
49,admin,married,secondary,no,14440,yes,no,11,1.0,1,0,no,0,0,1,0
56,entrepreneur,married,tertiary,no,16125,no,no,11,2.78,1,0,no,0,0,0,0
54,management,married,tertiary,no,37176,no,no,11,3.43,1,0,no,0,0,0,0
51,management,married,tertiary,no,19313,no,no,11,0.6,1,0,no,0,0,0,0
50,management,married,tertiary,no,19447,yes,yes,11,2.77,1,0,no,0,0,1,1
42,management,married,tertiary,no,9916,yes,no,11,5.1,1,0,no,0,0,1,0
57,technician,married,secondary,no,29207,yes,no,11,3.87,2,0,no,0,0,1,0
41,self-employed,married,secondary,no,13489,no,no,11,2.07,2,0,no,0,0,0,0
51,technician,single,tertiary,no,11222,yes,no,11,2.1,2,7,no,0,0,1,0
43,management,married,tertiary,no,13015,yes,no,11,0.93,1,0,no,0,0,1,0
44,entrepreneur,divorced,tertiary,no,20179,yes,yes,11,2.72,1,0,no,0,0,1,1
37,management,married,tertiary,no,11391,yes,no,11,1.72,1,0,no,0,0,1,0
43,management,married,tertiary,no,13851,yes,no,11,4.32,1,0,no,0,0,1,0
39,management,married,tertiary,no,20932,no,no,11,2.12,2,0,no,0,0,0,0
58,management,divorced,tertiary,no,26254,yes,no,11,0.88,1,1,no,0,0,1,0
57,management,married,tertiary,no,24498,no,no,11,2.68,5,0,no,0,0,0,0
40,management,married,secondary,no,9047,yes,no,11,8.78,1,2,no,0,0,1,0
32,blue-collar,married,primary,no,9750,yes,no,11,0.85,2,0,no,0,0,1,0
39,management,married,secondary,no,13578,yes,no,11,3.08,2,0,no,0,0,1,0
50,services,married,secondary,no,57435,yes,no,11,5.32,3,0,no,0,0,1,0
32,services,single,secondary,no,11287,yes,no,11,1.53,7,0,no,0,0,1,0
44,blue-collar,married,secondary,no,16178,yes,no,11,4.95,1,0,no,0,0,1,0
32,housemaid,single,tertiary,no,23663,yes,no,11,1.72,2,0,no,0,0,1,0
49,management,married,tertiary,no,22520,no,no,11,9.65,9,0,yes,1,0,0,0
59,blue-collar,married,secondary,no,10054,no,no,11,2.92,3,6,no,0,0,0,0
30,management,single,tertiary,no,9634,no,no,11,6.7,4,5,no,0,0,0,0
53,management,married,primary,no,13901,yes,no,11,0.98,1,0,no,0,0,1,0
32,self-employed,married,tertiary,no,14522,no,no,11,3.68,7,0,no,0,0,0,0
35,entrepreneur,married,primary,no,29397,yes,no,11,2.77,1,0,no,0,0,1,0
31,self-employed,single,tertiary,no,17924,yes,no,11,10.13,3,0,no,0,0,1,0
38,management,married,secondary,no,16236,yes,no,11,2.32,3,0,no,0,0,1,0
56,blue-collar,divorced,secondary,no,9898,yes,no,11,2.45,3,0,no,0,0,1,0
33,admin,single,tertiary,no,12704,yes,no,11,4.1,2,0,no,0,0,1,0
37,management,single,tertiary,no,22125,no,yes,11,5.52,2,0,yes,1,0,0,1
43,management,married,tertiary,no,15423,yes,yes,11,2.83,2,0,no,0,0,1,1
35,management,married,tertiary,no,22569,yes,no,11,1.2,4,0,no,0,0,1,0
46,admin,married,secondary,no,9319,yes,no,11,0.52,7,0,no,0,0,1,0
30,services,married,secondary,no,9531,no,no,11,1.75,4,0,no,0,0,0,0
35,self-employed,married,secondary,no,8883,no,no,11,0.55,3,0,no,0,0,0,0
55,unemployed,married,primary,no,8585,no,no,1,3.35,2,0,no,0,0,0,0
34,technician,married,tertiary,no,16992,yes,no,1,1.18,1,1,no,0,0,1,0
27,student,single,secondary,no,10536,no,no,1,2.27,1,0,no,0,0,0,0
38,management,single,tertiary,no,16957,yes,no,1,3.47,1,2,no,0,0,1,0
34,blue-collar,single,secondary,no,19833,yes,no,1,1.4,4,1,no,0,0,1,0
51,unemployed,married,secondary,no,17418,yes,no,1,3.95,2,0,no,0,0,1,0
27,technician,married,tertiary,no,10451,yes,no,2,0.75,1,0,no,0,0,1,0
38,services,married,secondary,no,8876,no,no,2,4.67,1,1,no,0,0,0,0
48,blue-collar,single,primary,no,8990,no,no,2,29.83,2,0,yes,1,0,0,0
26,technician,single,tertiary,no,15161,no,no,2,4.67,1,0,yes,1,0,0,0
70,management,married,tertiary,no,13297,no,no,2,9.65,2,0,no,0,0,0,0
42,management,married,tertiary,no,11093,no,no,2,2.6,2,0,no,0,0,0,0
31,admin,single,secondary,no,8626,no,no,2,2.58,1,0,no,0,0,0,0
37,housemaid,married,secondary,no,12939,yes,yes,2,1.28,3,9,no,0,0,1,1
59,unemployed,divorced,secondary,no,44134,no,no,2,1.95,1,0,no,0,0,0,0
26,unemployed,single,tertiary,no,23494,no,no,2,2.27,1,0,no,0,0,0,0
45,other,married,other,no,19706,yes,no,2,6.98,3,0,no,0,0,1,0
48,unemployed,married,secondary,no,11371,yes,no,2,1.82,3,0,no,0,0,1,0
32,technician,single,secondary,no,13565,no,no,2,10.22,2,0,no,0,0,0,0
53,management,married,tertiary,no,20772,no,no,2,11.92,1,0,no,0,0,0,0
49,blue-collar,divorced,secondary,no,10613,no,yes,2,20.43,1,0,yes,1,0,0,1
50,unemployed,married,secondary,no,12495,yes,no,2,4.65,2,0,no,0,0,1,0
33,blue-collar,single,secondary,no,16649,yes,no,2,2.88,1,0,no,0,0,1,0
59,unemployed,married,primary,no,19102,no,no,2,7.7,1,0,no,0,0,0,0
72,retired,married,primary,no,9160,no,no,2,3.82,1,0,no,0,0,0,0
56,management,married,tertiary,no,14344,yes,no,2,5.97,1,0,no,0,0,1,0
33,technician,single,other,no,10600,no,no,2,3.37,1,2,no,0,0,0,0
41,management,married,tertiary,no,13874,no,no,2,4.25,1,2,no,0,0,0,0
33,management,married,tertiary,no,26721,no,no,2,7.25,3,0,no,0,0,0,0
33,technician,married,secondary,no,14850,yes,no,2,2.03,5,0,no,0,0,1,0
31,management,single,tertiary,no,12857,yes,no,2,2.63,1,1,yes,1,0,1,0
33,management,married,tertiary,no,17946,yes,no,2,3.25,5,1,no,0,0,1,0
48,unemployed,single,other,no,11298,yes,no,2,1.62,2,0,no,0,0,1,0
30,unemployed,single,primary,no,15261,no,no,2,0.72,5,0,no,0,0,0,0
45,unemployed,single,secondary,no,17609,no,no,2,3.7,6,0,no,0,0,0,0
32,management,single,tertiary,no,19985,no,no,2,10.27,5,0,no,0,0,0,0
53,management,married,tertiary,no,8627,no,no,2,1.1,1,0,no,0,0,0,0
58,management,divorced,tertiary,no,26831,no,no,2,0.93,18,0,no,0,0,0,0
85,retired,married,primary,no,12114,no,no,2,2.75,2,0,yes,1,0,0,0
26,technician,single,tertiary,no,11862,no,no,2,1.98,1,0,yes,1,0,0,0
29,self-employed,single,tertiary,no,8749,no,no,2,2.35,7,0,no,0,0,0,0
24,student,single,secondary,no,23878,no,no,2,3.08,1,0,yes,1,0,0,0
29,management,single,tertiary,no,15459,no,no,2,4.4,7,0,yes,1,0,0,0
61,retired,married,tertiary,no,32685,no,no,3,24.12,2,0,yes,1,0,0,0
58,management,divorced,secondary,no,10180,no,no,3,3.0,2,0,yes,1,0,0,0
59,management,married,other,no,8674,no,no,3,1.07,1,0,no,0,0,0,0
32,management,married,tertiary,no,8929,no,no,3,2.1,1,0,yes,1,0,0,0
45,technician,divorced,tertiary,no,10768,yes,no,3,1.73,2,0,no,0,0,1,0
32,admin,single,tertiary,no,8866,no,no,3,4.63,2,0,yes,1,0,0,0
55,admin,married,secondary,no,9329,no,no,3,3.02,1,0,no,0,0,0,0
53,technician,married,secondary,no,10185,no,no,3,1.92,1,0,yes,1,0,0,0
46,management,married,tertiary,no,11385,no,no,3,4.48,3,0,yes,1,0,0,0
77,retired,married,secondary,no,9601,no,no,3,8.58,1,0,yes,1,0,0,0
59,retired,married,tertiary,no,9676,no,no,3,3.9,2,0,yes,1,0,0,0
36,management,married,tertiary,no,9324,yes,no,3,2.3,8,0,no,0,0,1,0
46,management,divorced,tertiary,no,10469,yes,no,4,3.37,2,0,no,0,0,1,0
49,management,divorced,tertiary,no,20727,no,no,4,4.75,3,2,no,0,0,0,0
34,blue-collar,single,secondary,no,13408,no,no,4,10.78,2,0,no,0,0,0,0
39,entrepreneur,married,secondary,no,10200,yes,no,4,0.95,4,0,no,0,0,1,0
44,blue-collar,married,secondary,no,8666,no,no,4,2.87,1,0,no,0,0,0,0
42,management,single,tertiary,no,11891,no,no,4,2.63,1,0,yes,1,0,0,0
38,technician,single,secondary,no,12926,yes,no,4,4.52,2,1,no,0,0,1,0
30,technician,single,secondary,no,10152,yes,no,4,18.47,2,1,no,0,0,1,0
36,management,single,tertiary,no,11767,yes,no,4,3.77,1,0,no,0,0,1,0
20,student,single,other,no,8860,no,no,4,1.63,2,0,no,0,0,0,0
30,management,married,tertiary,no,8623,no,no,4,2.72,3,0,no,0,0,0,0
65,retired,married,secondary,no,20806,no,no,4,8.72,2,0,yes,1,0,0,0
55,self-employed,married,secondary,no,12159,yes,no,4,2.98,5,4,no,0,0,1,0
60,admin,divorced,secondary,no,12039,no,no,4,3.93,1,0,yes,1,0,0,0
28,student,single,secondary,no,11555,no,no,4,2.08,2,0,no,0,0,0,0
38,blue-collar,married,secondary,no,13849,yes,no,4,4.77,4,5,no,0,0,1,0
49,blue-collar,single,secondary,no,8982,yes,no,4,7.83,2,1,no,0,0,1,0
59,blue-collar,married,primary,no,11066,no,no,4,1.43,6,0,no,0,0,0,0
40,self-employed,married,tertiary,no,13669,no,no,4,4.25,7,0,no,0,0,0,0
36,technician,married,secondary,no,15485,no,no,4,7.68,1,0,yes,1,0,0,0
27,self-employed,married,tertiary,no,10005,yes,no,4,2.72,3,2,no,0,0,1,0
57,blue-collar,married,primary,no,12048,yes,no,4,1.72,2,0,no,0,0,1,0
36,self-employed,married,tertiary,no,11387,no,no,4,2.23,1,0,no,0,0,0,0
36,admin,single,secondary,no,11174,yes,no,4,15.88,1,0,yes,1,0,1,0
69,retired,married,secondary,no,21446,no,no,4,5.97,2,0,no,0,0,0,0
33,housemaid,single,tertiary,no,23663,yes,no,4,3.32,2,2,no,0,0,1,0
29,blue-collar,single,secondary,no,13654,yes,yes,4,8.8,1,0,no,0,0,1,1
29,blue-collar,married,primary,no,10045,yes,no,4,10.28,1,4,no,0,0,1,0
38,technician,single,secondary,no,9610,yes,no,4,4.15,2,0,no,0,0,1,0
60,management,married,tertiary,no,13546,no,no,4,7.53,3,0,yes,1,0,0,0
37,management,married,tertiary,no,9269,yes,yes,4,1.18,1,2,no,0,0,1,1
33,technician,married,secondary,no,9305,yes,no,4,6.78,2,0,no,0,0,1,0
43,management,married,tertiary,no,9261,yes,no,4,4.55,2,2,no,0,0,1,0
50,blue-collar,married,primary,no,12519,yes,no,4,2.43,2,4,no,0,0,1,0
46,services,married,secondary,no,9077,yes,no,4,7.12,2,1,no,0,0,1,0
38,blue-collar,single,secondary,no,13156,yes,no,4,4.85,4,1,no,0,0,1,0
37,blue-collar,married,secondary,no,16727,yes,no,4,2.53,2,0,no,0,0,1,0
32,admin,married,secondary,no,20011,no,no,4,3.9,1,0,no,0,0,0,0
32,blue-collar,married,secondary,no,17332,yes,yes,4,2.75,1,0,no,0,0,1,1
37,management,married,tertiary,no,17335,no,no,4,1.8,1,0,no,0,0,0,0
33,blue-collar,single,secondary,no,15341,no,no,4,5.58,1,3,no,0,0,0,0
34,blue-collar,single,secondary,no,13683,yes,no,4,1.53,3,3,no,0,0,1,0
39,blue-collar,married,primary,no,8637,yes,no,4,1.3,1,1,no,0,0,1,0
30,technician,single,secondary,no,8826,yes,no,4,1.5,3,3,no,0,0,1,0
45,management,married,tertiary,no,21024,yes,no,4,1.22,4,0,no,0,0,1,0
56,blue-collar,divorced,secondary,no,9698,yes,no,4,3.15,2,0,no,0,0,1,0
29,management,single,tertiary,no,11968,yes,no,4,4.02,2,0,no,0,0,1,0
34,blue-collar,married,primary,no,15841,yes,no,4,7.05,5,0,no,0,0,1,0
26,student,single,tertiary,no,10086,no,no,4,1.83,2,0,yes,1,0,0,0
59,technician,married,secondary,no,10925,no,no,4,1.67,1,0,yes,1,0,0,0
74,retired,married,secondary,no,9480,no,no,4,3.52,1,0,yes,1,0,0,0
78,retired,married,primary,no,8556,no,no,4,2.28,2,0,yes,1,0,0,0
32,management,single,tertiary,no,10281,no,no,4,6.67,1,0,yes,1,0,0,0
42,self-employed,married,tertiary,no,10072,no,no,4,1.7,1,0,no,0,0,0,0
68,retired,married,secondary,no,20723,yes,no,4,5.3,2,0,no,0,0,1,0
42,technician,single,other,no,11115,no,no,4,5.47,1,0,yes,1,0,0,0
48,unemployed,married,secondary,no,11371,yes,no,4,4.15,1,3,no,0,0,1,0
45,technician,married,tertiary,no,31630,no,no,4,3.48,1,0,no,0,0,0,0
57,housemaid,divorced,other,no,11632,no,no,4,1.18,2,0,no,0,0,0,0
41,management,married,tertiary,no,27696,no,no,4,1.8,1,0,no,0,0,0,0
48,management,married,secondary,no,36686,no,no,4,4.92,1,0,no,0,0,0,0
29,management,single,tertiary,no,36252,yes,no,4,8.35,1,0,yes,1,0,1,0
45,blue-collar,married,secondary,no,10252,no,no,5,11.25,2,0,yes,1,0,0,0
37,entrepreneur,single,secondary,no,20453,yes,no,5,1.92,1,0,no,0,0,1,0
29,services,single,tertiary,no,8947,yes,no,5,8.92,2,0,no,0,0,1,0
39,services,married,secondary,no,8876,no,no,5,1.77,1,2,no,0,0,0,0
42,management,single,tertiary,no,10907,no,no,5,1.23,3,0,no,0,0,0,0
44,admin,married,secondary,no,10354,no,no,5,1.6,1,0,no,0,0,0,0
30,management,single,tertiary,no,11278,no,no,5,4.27,3,0,no,0,0,0,0
56,retired,married,primary,no,9367,no,no,5,10.28,2,0,yes,1,0,0,0
30,management,married,tertiary,no,10884,no,no,5,5.55,2,0,yes,1,0,0,0
31,management,single,tertiary,no,12857,yes,no,5,8.05,4,2,yes,1,0,1,0
29,management,single,tertiary,no,9407,no,no,5,4.45,6,0,yes,1,0,0,0
25,technician,single,secondary,no,9154,yes,no,5,0.67,5,0,no,0,0,1,0
34,management,single,tertiary,no,26575,no,no,5,4.08,6,1,no,0,0,0,0
66,admin,single,secondary,no,10177,no,no,5,4.53,4,0,no,0,0,0,0
33,management,single,tertiary,no,12686,yes,no,5,7.83,2,2,no,0,0,1,0
46,blue-collar,married,other,no,9328,yes,no,5,12.08,3,0,yes,1,0,1,0
37,management,married,tertiary,no,8564,yes,no,5,3.52,2,1,no,0,0,1,0
49,blue-collar,married,secondary,no,8545,yes,yes,5,3.32,7,1,no,0,0,1,1
46,entrepreneur,married,tertiary,no,25204,yes,yes,5,1.2,1,0,no,0,0,1,1
34,blue-collar,married,primary,no,17946,yes,no,5,4.3,9,0,no,0,0,1,0
43,unemployed,married,primary,no,9262,yes,no,5,0.75,1,0,no,0,0,1,0
51,self-employed,divorced,primary,no,10924,no,no,5,1.77,2,0,no,0,0,0,0
31,blue-collar,single,secondary,no,11639,yes,no,5,19.85,1,0,no,0,0,1,0
47,services,married,other,no,12839,yes,no,5,0.83,1,4,no,0,0,1,0
53,management,married,tertiary,no,34230,yes,yes,5,4.65,1,9,no,0,0,1,1
56,entrepreneur,married,tertiary,no,16125,no,no,5,3.37,2,1,no,0,0,0,0
44,self-employed,married,tertiary,no,11757,no,no,5,2.53,2,0,no,0,0,0,0
41,management,married,tertiary,no,11103,yes,no,5,0.92,1,0,no,0,0,1,0
46,blue-collar,married,primary,no,9083,yes,no,5,6.48,1,0,no,0,0,1,0
33,management,single,tertiary,no,9449,yes,no,5,7.13,1,0,no,0,0,1,0
37,blue-collar,single,secondary,no,9306,yes,no,5,10.05,1,0,no,0,0,1,0
44,management,married,secondary,no,13054,yes,no,5,7.85,2,12,no,0,0,1,0
29,technician,single,tertiary,no,18254,no,no,5,4.65,2,0,no,0,0,0,0
50,retired,married,secondary,no,8648,no,no,5,12.18,3,1,yes,1,0,0,0
54,admin,married,primary,no,11686,yes,yes,5,1.9,1,0,no,0,0,1,1
52,management,married,tertiary,no,23552,yes,no,5,8.45,1,0,no,0,0,1,0
30,self-employed,married,secondary,no,8563,yes,no,5,1.82,1,4,no,0,0,1,0
29,management,married,tertiary,no,13186,yes,no,5,5.37,1,2,no,0,0,1,0
50,management,married,primary,no,15035,yes,no,5,2.63,1,0,no,0,0,1,0
40,admin,married,other,no,9110,yes,no,5,3.9,6,3,no,0,0,1,0
25,student,single,secondary,no,14657,yes,no,5,3.23,3,0,no,0,0,1,0
38,blue-collar,single,primary,no,12130,yes,no,5,7.58,2,13,no,0,0,1,0
47,blue-collar,single,primary,no,10558,yes,no,5,1.35,3,2,no,0,0,1,0
38,technician,single,secondary,no,8637,yes,no,5,3.22,1,0,no,0,0,1,0
38,management,single,tertiary,no,15030,yes,no,5,2.78,1,7,no,0,0,1,0
53,admin,married,secondary,no,8892,yes,no,5,2.95,1,1,no,0,0,1,0
44,management,married,tertiary,no,12392,yes,no,5,2.95,3,1,no,0,0,1,0
39,admin,married,secondary,no,9618,yes,no,5,1.57,2,1,no,0,0,1,0
32,technician,single,tertiary,no,13711,yes,no,5,10.63,1,3,no,0,0,1,0
31,self-employed,single,tertiary,no,17924,yes,no,5,12.42,1,3,yes,1,0,1,0
39,services,married,secondary,no,20928,no,no,5,19.43,1,1,no,0,0,0,0
31,admin,married,secondary,no,8781,yes,no,5,11.33,1,1,yes,1,0,1,0
58,self-employed,married,secondary,no,28318,yes,no,5,2.8,2,0,no,0,0,1,0
37,management,married,tertiary,no,8821,yes,no,5,2.78,1,0,no,0,0,1,0
42,services,divorced,secondary,no,11177,yes,no,5,3.82,6,1,no,0,0,1,0
58,admin,divorced,secondary,no,8548,yes,no,5,2.92,8,0,no,0,0,1,0
40,technician,married,secondary,no,8536,yes,yes,5,8.12,2,0,no,0,0,1,1
46,management,divorced,tertiary,no,24598,yes,no,5,1.97,4,3,no,0,0,1,0
39,services,divorced,primary,no,8654,yes,no,5,3.02,4,0,no,0,0,1,0
38,management,married,secondary,no,10357,no,no,5,1.72,3,0,no,0,0,0,0
34,management,single,tertiary,no,11350,yes,no,5,2.55,1,1,no,0,0,1,0
29,blue-collar,married,primary,no,10191,yes,no,5,4.7,2,0,no,0,0,1,0
42,services,married,secondary,no,9277,yes,no,5,6.58,1,3,no,0,0,1,0
43,blue-collar,married,secondary,no,10910,yes,no,5,1.1,2,0,no,0,0,1,0
35,unemployed,divorced,tertiary,no,8903,yes,no,5,2.85,1,6,no,0,0,1,0
23,blue-collar,single,primary,no,8627,yes,no,5,2.82,1,1,no,0,0,1,0
39,management,single,tertiary,no,11971,yes,no,5,1.25,10,5,no,0,0,1,0
32,blue-collar,married,secondary,no,9714,yes,no,5,20.62,2,2,no,0,0,1,0
25,entrepreneur,single,tertiary,no,16874,yes,yes,5,1.95,2,0,no,0,0,1,1
35,technician,single,tertiary,no,13460,yes,no,5,17.8,3,0,yes,1,0,1,0
34,technician,married,tertiary,no,11752,yes,no,5,2.48,7,0,no,0,0,1,0
36,management,single,tertiary,no,10773,yes,no,5,1.48,1,0,no,0,0,1,0
26,self-employed,single,tertiary,no,16563,yes,no,5,4.08,1,0,no,0,0,1,0
29,admin,married,secondary,no,22171,yes,no,5,0.73,1,3,no,0,0,1,0
32,blue-collar,single,primary,no,12198,yes,no,5,2.97,1,0,yes,1,0,1,0
35,admin,married,secondary,no,10133,no,yes,5,6.37,2,0,no,0,0,0,1
35,management,single,tertiary,no,9336,yes,no,5,5.18,2,0,no,0,0,1,0
31,management,single,tertiary,no,12607,no,no,5,2.5,1,0,no,0,0,0,0
34,housemaid,married,tertiary,no,11219,no,no,5,1.87,1,0,no,0,0,0,0
56,retired,divorced,tertiary,no,13094,no,no,5,17.73,1,0,yes,1,0,0,0
31,admin,single,secondary,no,8626,no,no,5,2.65,1,1,no,0,0,0,0
27,technician,single,tertiary,no,11862,no,no,5,4.68,5,1,no,0,0,0,0
24,student,single,secondary,no,23878,no,no,5,2.22,1,1,yes,1,0,0,0
37,admin,married,secondary,no,11303,no,no,5,8.33,2,0,no,0,0,0,0
34,technician,married,tertiary,no,23076,no,no,5,4.05,2,6,yes,1,0,0,0
48,management,divorced,tertiary,no,17964,yes,no,5,3.47,2,3,yes,1,0,1,0
36,technician,married,secondary,no,15485,no,no,5,1.38,1,1,no,0,0,0,0
60,management,married,tertiary,no,21088,yes,no,5,3.12,1,0,no,0,0,1,0
47,housemaid,single,secondary,no,17023,no,no,5,6.32,2,4,no,0,0,0,0
29,management,single,tertiary,no,15459,no,no,5,4.08,3,7,no,0,0,0,0
32,blue-collar,married,secondary,no,10287,yes,no,5,4.68,4,1,yes,1,0,1,0
26,student,single,tertiary,no,13107,yes,no,5,1.87,2,0,no,0,0,1,0
55,management,married,tertiary,no,39098,no,no,5,3.93,3,0,no,0,0,0,0
55,blue-collar,married,secondary,no,16873,no,no,6,1.3,2,0,no,0,0,0,0
41,management,married,tertiary,no,10758,yes,no,6,4.8,1,0,no,0,0,1,0
27,technician,single,tertiary,no,15161,no,no,6,1.23,1,1,yes,1,0,0,0
45,technician,divorced,tertiary,no,10768,yes,no,6,2.45,3,2,no,0,0,1,0
58,technician,married,tertiary,no,12322,no,no,6,5.1,2,0,no,0,0,0,0
55,entrepreneur,married,secondary,no,27624,no,no,6,7.28,1,0,yes,1,0,0,0
51,management,single,tertiary,no,102127,no,no,6,1.5,1,0,no,0,0,0,0
42,technician,married,tertiary,no,15445,no,no,6,4.12,2,0,no,0,0,0,0
41,management,married,tertiary,no,15787,no,yes,6,2.92,3,0,no,0,0,0,1
40,management,married,tertiary,no,8963,no,no,6,3.38,2,0,no,0,0,0,0
39,admin,single,tertiary,no,22086,no,no,6,2.67,1,0,yes,1,0,0,0
23,student,single,secondary,no,9216,no,no,6,7.85,2,0,no,0,0,0,0
55,management,divorced,tertiary,no,9756,yes,no,6,1.72,2,1,yes,1,0,1,0
32,admin,single,tertiary,no,8866,no,no,6,3.9,2,2,yes,1,0,0,0
31,blue-collar,divorced,secondary,no,15187,no,no,6,2.12,2,0,no,0,0,0,0
60,blue-collar,married,primary,no,29184,no,no,6,1.57,2,0,no,0,0,0,0
40,self-employed,single,tertiary,no,10346,no,no,6,8.18,2,1,yes,1,0,0,0
27,management,single,tertiary,no,20585,no,no,6,3.13,1,0,yes,1,0,0,0
31,technician,married,other,no,14533,no,no,6,4.08,2,0,yes,1,0,0,0
30,management,single,tertiary,no,8535,no,no,6,6.55,2,0,yes,1,0,0,0
57,entrepreneur,married,secondary,no,9902,no,no,6,1.47,3,0,no,0,0,0,0
57,management,married,tertiary,no,10583,no,no,6,4.92,3,0,yes,1,0,0,0
55,admin,married,secondary,no,9329,no,no,6,2.27,1,1,no,0,0,0,0
61,retired,married,secondary,no,13164,no,no,7,1.53,1,0,no,0,0,0,0
37,management,married,primary,no,22856,no,no,7,2.57,1,1,no,0,0,0,0
28,management,single,tertiary,no,12956,yes,no,7,15.67,1,3,yes,1,0,1,0
28,management,single,tertiary,no,9314,no,no,7,4.6,2,0,yes,1,0,0,0
23,unemployed,single,secondary,no,19690,no,no,7,7.88,1,0,no,0,0,0,0
31,management,single,tertiary,no,9629,no,no,7,1.12,2,0,no,0,0,0,0
69,services,married,other,no,23592,no,no,7,13.95,3,0,no,0,0,0,0
60,housemaid,married,primary,no,11904,no,no,7,1.93,3,0,no,0,0,0,0
82,retired,married,primary,no,8603,no,no,7,7.15,1,0,yes,1,0,0,0
63,retired,married,secondary,no,18016,no,no,7,6.18,1,0,yes,1,0,0,0
24,blue-collar,single,secondary,no,9883,no,no,7,3.5,5,0,yes,1,0,0,0
45,unemployed,single,primary,no,8725,no,no,7,4.77,2,0,no,0,0,0,0
26,student,single,tertiary,no,10086,no,no,7,7.92,3,2,no,0,0,0,0
75,retired,married,secondary,no,26452,no,no,7,3.65,2,0,no,0,0,0,0
42,management,single,tertiary,no,11008,no,no,7,13.7,6,1,yes,1,0,0,0
66,retired,married,primary,no,12767,no,no,8,1.95,2,0,no,0,0,0,0
68,retired,married,secondary,no,19317,yes,no,8,4.15,1,0,yes,1,0,1,0
56,management,divorced,tertiary,no,10532,no,no,8,5.4,1,0,yes,1,0,0,0
69,technician,married,secondary,no,9064,no,no,8,11.9,1,0,yes,1,0,0,0
60,self-employed,married,tertiary,no,10861,no,no,8,6.98,2,0,no,0,0,0,0
54,technician,married,secondary,no,10185,no,no,8,9.32,1,2,yes,1,0,0,0
42,technician,single,other,no,11115,no,no,8,3.12,1,1,yes,1,0,0,0
33,management,married,tertiary,no,22867,yes,no,8,1.22,1,2,no,0,0,1,0
61,self-employed,divorced,tertiary,no,52587,no,no,8,4.83,1,0,yes,1,0,0,0
71,retired,married,primary,no,10394,no,no,8,6.85,1,0,no,0,0,0,0
31,management,married,tertiary,no,10884,no,no,8,4.9,3,2,yes,1,0,0,0
71,management,married,tertiary,no,13297,no,no,8,4.42,1,2,no,0,0,0,0
74,retired,married,tertiary,no,20422,no,no,8,1.5,2,0,no,0,0,0,0
35,housemaid,married,tertiary,no,11219,no,no,8,11.65,2,1,no,0,0,0,0
41,management,married,tertiary,no,27696,no,no,8,2.45,2,1,yes,1,0,0,0
62,management,married,tertiary,no,10373,no,no,8,5.73,3,0,no,0,0,0,0
34,management,single,tertiary,no,13014,no,no,8,12.3,1,0,yes,1,0,0,0
56,retired,married,primary,no,9367,no,no,8,5.33,2,2,yes,1,0,0,0
67,retired,married,primary,no,10776,no,no,8,2.93,2,17,no,0,0,0,0
35,management,single,tertiary,no,18111,no,no,8,2.87,4,0,yes,1,0,0,0
55,retired,married,primary,no,16432,no,no,8,8.03,2,0,no,0,0,0,0
32,management,single,tertiary,no,12607,no,no,8,3.38,5,1,no,0,0,0,0
39,technician,married,tertiary,no,11766,yes,no,8,5.22,4,5,no,0,0,1,0
70,entrepreneur,married,tertiary,no,15265,no,no,8,9.18,2,0,no,0,0,0,0
70,management,married,tertiary,no,10171,no,no,8,1.08,2,0,no,0,0,0,0
55,management,married,tertiary,no,12972,no,no,8,3.42,1,0,yes,1,0,0,0
49,technician,single,secondary,no,9131,yes,no,8,8.87,1,5,yes,1,0,1,0
44,admin,married,secondary,no,10905,no,no,8,4.0,2,1,yes,1,0,0,0
38,technician,married,secondary,no,10596,no,no,8,3.25,1,4,yes,1,0,0,0
74,retired,married,primary,no,10253,no,no,8,1.4,1,0,no,0,0,0,0
34,self-employed,single,tertiary,no,9962,no,no,8,7.9,1,0,yes,1,0,0,0
27,technician,single,tertiary,no,11862,no,no,8,3.62,1,6,yes,1,0,0,0
64,retired,married,tertiary,no,14170,no,no,8,1.03,2,0,no,0,0,0,0
42,admin,married,secondary,no,16517,no,no,8,8.28,2,2,no,0,0,0,0
45,other,married,tertiary,no,8564,no,no,8,0.88,1,0,no,0,0,0,0
64,retired,divorced,tertiary,no,17875,no,no,8,2.88,1,0,no,0,0,0,0
60,technician,single,primary,no,11262,no,no,8,5.38,1,0,yes,1,0,0,0
39,blue-collar,single,primary,no,24277,no,no,8,4.35,1,0,yes,1,0,0,0
32,entrepreneur,single,tertiary,no,59649,no,no,9,1.15,2,0,no,0,0,0,0
48,management,divorced,tertiary,no,17964,yes,no,9,2.0,1,5,yes,1,0,1,0
43,management,married,tertiary,no,13450,yes,no,9,2.13,1,0,no,0,0,1,0
26,management,single,tertiary,no,9447,no,no,9,1.88,1,2,no,0,0,0,0
71,retired,married,tertiary,no,14220,yes,no,9,6.62,1,0,yes,1,0,1,0
31,management,single,tertiary,no,12569,no,no,9,5.73,1,1,yes,1,0,0,0
26,student,single,tertiary,no,13887,no,no,9,3.32,4,0,no,0,0,0,0
72,retired,married,secondary,no,17739,no,no,9,2.25,4,0,no,0,0,0,0
52,housemaid,married,primary,no,10943,no,no,9,4.87,1,0,yes,1,0,0,0
45,blue-collar,married,secondary,no,10252,no,no,9,2.88,1,2,yes,1,0,0,0
27,management,single,tertiary,no,20585,no,no,9,4.98,1,1,yes,1,0,0,0
57,management,married,tertiary,no,10583,no,no,9,5.68,3,3,yes,1,0,0,0
36,unemployed,married,tertiary,no,39385,no,no,10,2.0,1,0,no,0,0,0,0
70,retired,married,tertiary,no,15834,no,no,10,1.5,1,0,no,0,0,0,0
39,admin,married,secondary,no,26233,no,no,10,7.7,1,0,no,0,0,0,0
60,retired,married,primary,no,71188,no,no,10,3.42,1,0,no,0,0,0,0
70,retired,married,primary,no,8897,no,no,10,11.53,2,0,no,0,0,0,0
31,management,single,tertiary,no,9629,no,no,10,3.0,2,2,no,0,0,0,0
56,admin,married,secondary,no,16873,no,no,10,3.72,1,0,no,0,0,0,0
60,admin,divorced,secondary,no,12039,no,no,10,4.35,1,1,yes,1,0,0,0
55,admin,married,secondary,no,9329,no,no,10,2.25,1,2,no,0,0,0,0
46,management,married,tertiary,no,37378,yes,no,10,2.43,1,1,no,0,0,1,0
45,housemaid,married,primary,no,8692,yes,no,10,1.8,1,0,no,0,0,1,0
40,self-employed,married,tertiary,no,13669,no,no,10,2.3,1,8,no,0,0,0,0
46,housemaid,single,primary,no,10889,no,no,10,2.78,3,0,no,0,0,0,0
63,retired,married,primary,no,12067,no,no,10,36.45,1,0,no,0,0,0,0
27,student,single,tertiary,no,24025,no,no,10,1.65,1,0,no,0,0,0,0
82,retired,married,primary,no,8603,no,no,10,5.1,3,1,yes,1,0,0,0
60,technician,married,secondary,no,10925,no,no,10,4.5,3,1,yes,1,0,0,0
43,blue-collar,married,secondary,no,14646,no,no,10,3.5,1,0,yes,1,0,0,0
43,technician,single,other,no,11115,no,no,10,7.93,1,2,yes,1,0,0,0
30,management,single,tertiary,no,16935,no,no,10,1.8,1,0,no,0,0,0,0
65,admin,married,secondary,no,11240,yes,no,10,2.48,1,0,no,0,0,1,0
55,management,married,tertiary,no,13578,no,no,10,4.12,2,0,no,0,0,0,0
61,retired,married,primary,no,8729,no,no,10,8.0,1,0,yes,1,0,0,0
32,management,single,tertiary,no,9317,no,no,11,1.53,3,0,no,0,0,0,0
29,student,single,other,no,10332,no,no,11,0.77,3,0,yes,1,0,0,0
55,blue-collar,married,secondary,no,12401,no,no,11,1.85,9,4,no,0,0,0,0
53,admin,married,secondary,no,10541,no,no,11,2.97,1,0,yes,1,0,0,0
60,self-employed,married,tertiary,no,10861,no,no,11,1.63,1,2,yes,1,0,0,0
81,retired,divorced,other,no,9224,no,no,11,3.92,2,0,no,0,0,0,0
33,management,married,tertiary,no,22867,yes,no,11,4.43,2,3,yes,1,0,1,0
73,retired,married,primary,no,9160,no,no,11,8.6,2,3,no,0,0,0,0
40,management,married,tertiary,no,9366,no,no,11,1.15,3,0,yes,1,0,0,0
56,retired,married,primary,no,9367,no,no,11,4.52,2,4,yes,1,0,0,0
42,self-employed,married,tertiary,no,10072,no,no,11,2.28,3,1,no,0,0,0,0
62,management,married,tertiary,no,10373,no,no,11,2.33,3,3,no,0,0,0,0
27,technician,single,tertiary,no,11862,no,no,11,4.75,2,7,yes,1,0,0,0
31,management,single,tertiary,no,9421,no,no,11,6.2,1,0,yes,1,0,0,0
46,technician,married,tertiary,no,31630,no,no,11,7.47,2,1,no,0,0,0,0
44,other,single,other,no,18881,no,no,12,3.12,2,0,no,0,0,0,0
43,management,single,tertiary,no,11891,no,no,12,13.68,5,1,yes,1,0,0,0
32,admin,single,secondary,no,8626,no,no,12,3.33,1,2,no,0,0,0,0
50,admin,married,secondary,no,10250,yes,no,12,4.23,3,2,yes,1,0,1,0
35,technician,married,secondary,no,13658,yes,no,12,3.67,2,0,no,0,0,1,0
41,self-employed,single,tertiary,no,10346,no,no,12,5.87,1,3,no,0,0,0,0
54,management,divorced,tertiary,no,12018,yes,no,12,4.45,2,0,yes,1,0,1,0
25,student,single,other,no,10788,no,no,12,1.7,2,2,no,0,0,0,0
84,retired,married,secondary,no,81204,no,no,12,11.32,1,2,yes,1,0,0,0
38,admin,married,secondary,no,11303,no,no,12,7.88,2,2,yes,1,0,0,0
32,technician,married,other,no,14533,no,no,12,10.77,3,2,no,0,0,0,0
37,self-employed,married,tertiary,no,11387,no,no,1,2.55,1,2,no,0,0,0,0
79,retired,married,primary,no,8556,no,no,1,5.43,2,2,yes,1,0,0,0
61,management,married,tertiary,no,13546,no,no,1,5.3,2,3,no,0,0,0,0
76,retired,married,other,no,8919,no,no,1,3.85,1,0,no,0,0,0,0
60,retired,married,secondary,no,18967,yes,no,1,2.95,2,0,yes,1,0,1,0
65,retired,married,secondary,no,23421,no,no,2,7.2,1,0,no,0,0,0,0
53,admin,married,secondary,no,10541,no,no,2,2.73,2,1,yes,1,0,0,0
33,management,married,tertiary,no,22867,yes,no,2,2.75,1,5,no,0,0,1,0
75,retired,divorced,primary,no,37127,no,no,2,8.42,1,0,no,0,0,0,0
57,retired,married,primary,no,9367,no,no,2,16.35,1,6,yes,1,0,0,0
34,management,single,tertiary,no,13014,no,no,2,10.62,1,1,yes,1,0,0,0
41,management,married,tertiary,no,27696,no,no,2,2.3,2,3,yes,1,0,0,0
54,technician,married,secondary,no,10185,no,no,2,4.18,1,3,yes,1,0,0,0
61,self-employed,divorced,tertiary,no,52587,no,no,2,6.57,3,1,yes,1,0,0,0
56,retired,married,primary,no,16432,no,no,2,11.7,2,2,no,0,0,0,0
35,housemaid,married,tertiary,no,11219,no,no,2,2.25,1,3,no,0,0,0,0
43,self-employed,married,tertiary,no,10072,no,no,2,2.42,1,4,no,0,0,0,0
71,entrepreneur,married,tertiary,no,15265,no,no,2,14.42,1,2,no,0,0,0,0
58,housemaid,single,secondary,no,11494,no,no,3,3.67,7,0,no,0,0,0,0
60,admin,married,secondary,no,12980,no,no,3,1.92,1,0,yes,1,0,0,0
77,retired,married,primary,no,29340,no,no,3,4.28,1,2,yes,1,0,0,0
42,admin,married,secondary,no,16517,no,no,3,9.15,5,4,no,0,0,0,0
34,blue-collar,divorced,tertiary,no,12409,no,no,3,3.15,1,4,no,0,0,0,0
57,management,married,tertiary,no,10583,no,no,3,4.53,1,6,yes,1,0,0,0
26,student,married,tertiary,no,8750,no,no,3,1.63,2,0,no,0,0,0,0
31,management,single,tertiary,no,9629,no,no,3,6.18,1,4,no,0,0,0,0
84,retired,married,secondary,no,81204,no,no,4,6.5,1,3,yes,1,0,0,0
70,retired,married,tertiary,no,15834,no,no,4,2.87,3,1,no,0,0,0,0
53,technician,married,tertiary,no,9001,no,no,4,2.83,1,0,yes,1,0,0,0
27,student,single,tertiary,no,13107,yes,no,4,11.02,1,2,yes,1,0,1,0
36,technician,single,secondary,no,12264,no,no,4,2.63,2,0,yes,1,0,0,0
29,student,married,tertiary,no,10596,yes,no,4,2.38,1,0,no,0,0,1,0
40,technician,married,tertiary,no,11766,yes,no,4,3.63,2,9,yes,1,0,1,0
31,housemaid,single,primary,no,26965,no,no,4,10.9,2,0,yes,1,0,0,0
43,technician,single,other,no,11115,no,no,4,4.85,1,3,yes,1,0,0,0
56,management,single,tertiary,no,15311,no,no,4,2.62,6,0,no,0,0,0,0
63,retired,married,primary,no,12067,no,no,4,11.0,1,1,yes,1,0,0,0
43,self-employed,married,tertiary,no,10072,no,no,5,1.63,1,5,no,0,0,0,0
42,management,married,tertiary,no,27696,no,no,5,2.93,2,5,yes,1,0,0,0
57,retired,married,primary,no,9367,no,no,5,11.67,4,7,yes,1,0,0,0
56,management,married,tertiary,no,12356,yes,no,5,6.83,1,5,yes,1,0,1,0
33,management,single,tertiary,no,9317,no,no,5,4.45,1,3,no,0,0,0,0
63,retired,married,secondary,no,23047,no,no,6,8.83,1,2,no,0,0,0,0
71,retired,married,secondary,no,29941,no,no,6,1.33,1,3,no,0,0,0,0
22,student,single,secondary,no,10971,no,no,6,3.02,2,0,no,0,0,0,0
74,retired,divorced,primary,no,29080,no,no,6,5.02,5,4,yes,1,0,0,0
32,management,single,tertiary,no,12569,no,no,7,9.35,2,2,yes,1,0,0,0
46,technician,married,secondary,no,9299,no,no,7,19.13,1,2,yes,1,0,0,0
45,management,married,tertiary,no,31472,no,no,7,9.47,7,0,yes,1,0,0,0
41,admin,married,secondary,no,14968,no,no,7,22.67,4,0,yes,1,0,0,0
61,self-employed,married,tertiary,no,10861,no,no,7,5.6,2,3,yes,1,0,0,0
36,services,married,secondary,no,11650,yes,no,7,4.47,1,0,yes,1,0,1,0
64,retired,married,primary,no,12067,no,no,7,6.12,2,2,yes,1,0,0,0
46,other,married,tertiary,no,8564,no,no,8,6.62,2,1,no,0,0,0,0
53,management,married,tertiary,no,18931,no,no,8,3.73,1,23,no,0,0,0,0
55,technician,married,secondary,no,10185,no,no,8,4.13,1,4,no,0,0,0,0
42,management,married,tertiary,no,27696,no,no,8,6.17,1,7,yes,1,0,0,0
60,admin,married,secondary,no,12980,no,no,9,2.95,2,1,no,0,0,0,0
30,management,single,tertiary,no,13774,no,no,9,6.33,1,0,no,0,0,0,0
55,management,divorced,tertiary,no,26306,yes,no,9,1.4,1,4,no,0,0,1,0
36,unemployed,married,secondary,no,17458,no,no,9,6.5,2,0,no,0,0,0,0
36,technician,single,secondary,no,12264,no,no,10,4.75,1,2,yes,1,0,0,0
57,admin,married,secondary,no,16873,no,no,10,3.65,3,1,no,0,0,0,0
28,management,single,tertiary,no,9710,no,no,10,13.1,2,0,no,0,0,0,0
28,technician,single,tertiary,no,11862,no,no,10,9.15,2,13,yes,1,0,0,0
46,technician,married,secondary,no,9299,no,no,10,3.35,5,3,no,0,0,0,0
61,self-employed,married,tertiary,no,10861,no,no,10,3.75,1,5,yes,1,0,0,0
44,technician,single,other,no,11115,no,no,10,3.15,1,4,no,0,0,0,0
78,retired,married,primary,no,14204,no,no,10,2.5,1,1,no,0,0,0,0
67,blue-collar,married,secondary,no,16353,no,no,10,3.72,2,0,no,0,0,0,0
